id,name,slug,code,ranking,population,electoral_register,mp_name,created_at,updated_at
1873,New Forest West,new-forest-west,E14001374,1,85006,71009,,2024-11-05 09:35:54,2024-11-05 09:35:54
1874,Sheffield Hallam,sheffield-hallam,E14001468,2,92970,76637,,2024-11-05 09:35:54,2024-11-05 09:35:54
1875,Sefton Central,sefton-central,E14001463,3,90788,74746,,2024-11-05 09:35:54,2024-11-05 09:35:54
1876,Staffordshire Moorlands,staffordshire-moorlands,E14001514,4,85227,70113,,2024-11-05 09:35:54,2024-11-05 09:35:54
1877,Wirral West,wirral-west,E14001589,5,87880,72126,,2024-11-05 09:35:54,2024-11-05 09:35:54
1878,Isle of Wight East,isle-of-wight-east,E14001303,6,69625,56805,,2024-11-05 09:35:54,2024-11-05 09:35:54
1879,High Peak,high-peak,E14001287,7,90933,73960,,2024-11-05 09:35:54,2024-11-05 09:35:54
1880,New Forest East,new-forest-east,E14001373,8,90780,73823,,2024-11-05 09:35:54,2024-11-05 09:35:54
1881,North Norfolk,north-norfolk,E14001396,9,86968,70719,,2024-11-05 09:35:54,2024-11-05 09:35:54
1882,Christchurch,christchurch,E14001171,10,88068,71598,,2024-11-05 09:35:54,2024-11-05 09:35:54
1883,Kingswinford and South Staffordshire,kingswinford-and-south-staffordshire,E14001316,11,88535,71896,,2024-11-05 09:35:54,2024-11-05 09:35:54
1884,South Shropshire,south-shropshire,E14001493,12,94946,77034,,2024-11-05 09:35:54,2024-11-05 09:35:54
1885,Honiton and Sidmouth,honiton-and-sidmouth,E14001291,13,91669,74365,,2024-11-05 09:35:54,2024-11-05 09:35:54
1886,Na h-Eileanan an Iar,na-h-eileanan-an-iar,S14000027,14,26140,21177,,2024-11-05 09:35:54,2024-11-05 09:35:54
1887,"Dumfriesshire, Clydesdale and Tweeddale",dumfriesshire-clydesdale-and-tweeddale,S14000074,15,87669,70738,,2024-11-05 09:35:54,2024-11-05 09:35:54
1888,West Dorset,west-dorset,E14001575,16,93589,75390,,2024-11-05 09:35:54,2024-11-05 09:35:54
1889,North Ayrshire and Arran,north-ayrshire-and-arran,S14000048,17,91515,73588,,2024-11-05 09:35:54,2024-11-05 09:35:54
1890,Dumfries and Galloway,dumfries-and-galloway,S14000073,18,95722,76863,,2024-11-05 09:35:54,2024-11-05 09:35:54
1891,Penistone and Stocksbridge,penistone-and-stocksbridge,E14001423,19,89018,71377,,2024-11-05 09:35:54,2024-11-05 09:35:54
1892,Waveney Valley,waveney-valley,E14001569,20,88193,70540,,2024-11-05 09:35:54,2024-11-05 09:35:54
1893,Derbyshire Dales,derbyshire-dales,E14001195,21,89331,71435,,2024-11-05 09:35:54,2024-11-05 09:35:54
1894,Gower,gower,W07000097,22,96264,76801,,2024-11-05 09:35:54,2024-11-05 09:35:54
1895,"Ayr, Carrick and Cumnock",ayr-carrick-and-cumnock,S14000006,23,90327,72057,,2024-11-05 09:35:54,2024-11-05 09:35:54
1896,Mid Derbyshire,mid-derbyshire,E14001362,24,87995,70085,,2024-11-05 09:35:54,2024-11-05 09:35:54
1897,Central Ayrshire,central-ayrshire,S14000010,25,87670,69779,,2024-11-05 09:35:54,2024-11-05 09:35:54
1898,Westmorland and Lonsdale,westmorland-and-lonsdale,E14001580,26,90922,72322,,2024-11-05 09:35:54,2024-11-05 09:35:54
1899,Bexhill and Battle,bexhill-and-battle,E14001088,27,89109,70869,,2024-11-05 09:35:54,2024-11-05 09:35:54
1900,Clwyd East,clwyd-east,W07000094,28,96116,76395,,2024-11-05 09:35:54,2024-11-05 09:35:54
1901,Beverley and Holderness,beverley-and-holderness,E14001087,29,89503,71102,,2024-11-05 09:35:54,2024-11-05 09:35:54
1902,Stroud,stroud,E14001529,30,96022,76249,,2024-11-05 09:35:54,2024-11-05 09:35:54
1903,Macclesfield,macclesfield,E14001347,31,95571,75881,,2024-11-05 09:35:54,2024-11-05 09:35:54
1904,Blackpool North and Fleetwood,blackpool-north-and-fleetwood,E14001104,32,95006,75396,,2024-11-05 09:35:54,2024-11-05 09:35:54
1905,Arundel and South Downs,arundel-and-south-downs,E14001067,33,97175,76974,,2024-11-05 09:35:54,2024-11-05 09:35:54
1906,St Ives,st-ives,E14001511,34,88509,70107,,2024-11-05 09:35:54,2024-11-05 09:35:54
1907,Rayleigh and Wickford,rayleigh-and-wickford,E14001437,35,96504,76422,,2024-11-05 09:35:54,2024-11-05 09:35:54
1908,Thirsk and Malton,thirsk-and-malton,E14001544,36,96789,76623,,2024-11-05 09:35:54,2024-11-05 09:35:54
1909,South Devon,south-devon,E14001484,37,90690,71691,,2024-11-05 09:35:54,2024-11-05 09:35:54
1910,Angus and Perthshire Glens,angus-and-perthshire-glens,S14000065,38,97424,77006,,2024-11-05 09:35:54,2024-11-05 09:35:54
1911,Hexham,hexham,E14001285,39,92072,72738,,2024-11-05 09:35:54,2024-11-05 09:35:54
1912,North Northumberland,north-northumberland,E14001397,40,91865,72541,,2024-11-05 09:35:54,2024-11-05 09:35:54
1913,Lewes,lewes,E14001330,41,95096,75091,,2024-11-05 09:35:54,2024-11-05 09:35:54
1914,Ceredigion Preseli,ceredigion-preseli,W07000093,42,93821,74063,,2024-11-05 09:35:54,2024-11-05 09:35:54
1915,Penrith and Solway,penrith-and-solway,E14001424,43,97240,76720,,2024-11-05 09:35:54,2024-11-05 09:35:54
1916,Central Devon,central-devon,E14001155,44,93162,73491,,2024-11-05 09:35:54,2024-11-05 09:35:54
1917,Whitehaven and Workington,whitehaven-and-workington,E14001583,45,93036,73385,,2024-11-05 09:35:54,2024-11-05 09:35:54
1918,South East Cornwall,south-east-cornwall,E14001486,46,90955,71734,,2024-11-05 09:35:54,2024-11-05 09:35:54
1919,Wells and Mendip Hills,wells-and-mendip-hills,E14001572,47,88605,69843,,2024-11-05 09:35:54,2024-11-05 09:35:54
1920,Brigg and Immingham,brigg-and-immingham,E14001128,48,90946,71628,,2024-11-05 09:35:54,2024-11-05 09:35:54
1921,Mid Dunbartonshire,mid-dunbartonshire,S14000097,49,95376,75099,,2024-11-05 09:35:54,2024-11-05 09:35:54
1922,"Argyll, Bute and South Lochaber",argyll-bute-and-south-lochaber,S14000067,50,91146,71707,,2024-11-05 09:35:54,2024-11-05 09:35:54
1923,Manchester Withington,manchester-withington,E14001354,51,91030,71614,,2024-11-05 09:35:54,2024-11-05 09:35:54
1924,Skipton and Ripon,skipton-and-ripon,E14001475,52,97576,76758,,2024-11-05 09:35:54,2024-11-05 09:35:54
1925,Barrow and Furness,barrow-and-furness,E14001076,53,97425,76603,,2024-11-05 09:35:54,2024-11-05 09:35:54
1926,Louth and Horncastle,louth-and-horncastle,E14001343,54,96609,75959,,2024-11-05 09:35:54,2024-11-05 09:35:54
1927,Gainsborough,gainsborough,E14001243,55,95153,74750,,2024-11-05 09:35:54,2024-11-05 09:35:54
1928,South Shields,south-shields,E14001492,56,88773,69725,,2024-11-05 09:35:54,2024-11-05 09:35:54
1929,North Somerset,north-somerset,E14001399,57,94220,73963,,2024-11-05 09:35:54,2024-11-05 09:35:54
1930,East Kilbride and Strathaven,east-kilbride-and-strathaven,S14000077,58,95878,75161,,2024-11-05 09:35:54,2024-11-05 09:35:54
1931,Torridge and Tavistock,torridge-and-tavistock,E14001552,59,95449,74802,,2024-11-05 09:35:54,2024-11-05 09:35:54
1932,"Brecon, Radnor and Cwm Tawe",brecon-radnor-and-cwm-tawe,W07000085,60,92054,72113,,2024-11-05 09:35:54,2024-11-05 09:35:54
1933,"Caithness, Sutherland and Easter Ross",caithness-sutherland-and-easter-ross,S14000069,61,95969,75173,,2024-11-05 09:35:54,2024-11-05 09:35:54
1934,Sheffield Central,sheffield-central,E14001467,62,89946,70453,,2024-11-05 09:35:54,2024-11-05 09:35:54
1935,Bridlington and The Wolds,bridlington-and-the-wolds,E14001127,63,92600,72501,,2024-11-05 09:35:54,2024-11-05 09:35:54
1936,North Herefordshire,north-herefordshire,E14001395,64,90552,70894,,2024-11-05 09:35:54,2024-11-05 09:35:54
1937,North East Derbyshire,north-east-derbyshire,E14001391,65,92436,72344,,2024-11-05 09:35:54,2024-11-05 09:35:54
1938,Lowestoft,lowestoft,E14001344,66,94546,73967,,2024-11-05 09:35:54,2024-11-05 09:35:54
1939,Inverclyde and Renfrewshire West,inverclyde-and-renfrewshire-west,S14000093,67,90043,70418,,2024-11-05 09:35:54,2024-11-05 09:35:54
1940,Amber Valley,amber-valley,E14001066,68,90322,70625,,2024-11-05 09:35:54,2024-11-05 09:35:54
1941,Monmouthshire,monmouthshire,W07000101,69,92955,72681,,2024-11-05 09:35:54,2024-11-05 09:35:54
1942,Richmond and Northallerton,richmond-and-northallerton,E14001444,70,93047,72744,,2024-11-05 09:35:54,2024-11-05 09:35:54
1943,Newton Abbot,newton-abbot,E14001381,71,93355,72956,,2024-11-05 09:35:54,2024-11-05 09:35:54
1944,Kilmarnock and Loudoun,kilmarnock-and-loudoun,S14000040,72,95744,74801,,2024-11-05 09:35:54,2024-11-05 09:35:54
1945,Broadland and Fakenham,broadland-and-fakenham,E14001136,73,93322,72907,,2024-11-05 09:35:54,2024-11-05 09:35:54
1946,Aldridge-Brownhills,aldridge-brownhills,E14001064,74,93607,73122,,2024-11-05 09:35:54,2024-11-05 09:35:54
1947,Forest of Dean,forest-of-dean,E14001240,75,91559,71510,,2024-11-05 09:35:54,2024-11-05 09:35:54
1948,Mid Dorset and North Poole,mid-dorset-and-north-poole,E14001363,76,95151,74305,,2024-11-05 09:35:54,2024-11-05 09:35:54
1949,Wetherby and Easingwold,wetherby-and-easingwold,E14001582,77,91530,71455,,2024-11-05 09:35:54,2024-11-05 09:35:54
1950,West Worcestershire,west-worcestershire,E14001579,78,98221,76638,,2024-11-05 09:35:54,2024-11-05 09:35:54
1951,Fylde,fylde,E14001242,79,96276,75114,,2024-11-05 09:35:54,2024-11-05 09:35:54
1952,Glasgow South,glasgow-south,S14000087,80,91448,71344,,2024-11-05 09:35:54,2024-11-05 09:35:54
1953,Fareham and Waterlooville,fareham-and-waterlooville,E14001233,81,98809,77036,,2024-11-05 09:35:54,2024-11-05 09:35:54
1954,Suffolk Coastal,suffolk-coastal,E14001530,82,93241,72663,,2024-11-05 09:35:54,2024-11-05 09:35:54
1955,Lichfield,lichfield,E14001335,83,96199,74942,,2024-11-05 09:35:54,2024-11-05 09:35:54
1956,Edinburgh West,edinburgh-west,S14000082,84,98521,76723,,2024-11-05 09:35:54,2024-11-05 09:35:54
1957,South Dorset,south-dorset,E14001485,85,98455,76640,,2024-11-05 09:35:54,2024-11-05 09:35:54
1958,York Outer,york-outer,E14001605,86,93553,72720,,2024-11-05 09:35:54,2024-11-05 09:35:54
1959,South West Devon,south-west-devon,E14001495,87,96980,75371,,2024-11-05 09:35:54,2024-11-05 09:35:54
1960,Congleton,congleton,E14001178,88,89873,69836,,2024-11-05 09:35:54,2024-11-05 09:35:54
1961,Falkirk,falkirk,S14000083,89,96703,75067,,2024-11-05 09:35:54,2024-11-05 09:35:54
1962,Tiverton and Minehead,tiverton-and-minehead,E14001548,90,91260,70829,,2024-11-05 09:35:54,2024-11-05 09:35:54
1963,North Devon,north-devon,E14001387,91,98611,76455,,2024-11-05 09:35:54,2024-11-05 09:35:54
1964,Isle of Wight West,isle-of-wight-west,E14001304,92,70833,54911,,2024-11-05 09:35:54,2024-11-05 09:35:54
1965,Orkney and Shetland,orkney-and-shetland,S14000051,93,44944,34824,,2024-11-05 09:35:54,2024-11-05 09:35:54
1966,Castle Point,castle-point,E14001154,94,91551,70923,,2024-11-05 09:35:54,2024-11-05 09:35:54
1967,Caerfyrddin,caerfyrddin,W07000087,95,93849,72683,,2024-11-05 09:35:54,2024-11-05 09:35:54
1968,Lancaster and Wyre,lancaster-and-wyre,E14001318,96,96832,74992,,2024-11-05 09:35:54,2024-11-05 09:35:54
1969,North Dorset,north-dorset,E14001388,97,93155,72109,,2024-11-05 09:35:54,2024-11-05 09:35:54
1970,Clacton,clacton,E14001174,98,98193,75959,,2024-11-05 09:35:54,2024-11-05 09:35:54
1971,Morecambe and Lunesdale,morecambe-and-lunesdale,E14001372,99,98306,76040,,2024-11-05 09:35:54,2024-11-05 09:35:54
1972,"Berwickshire, Roxburgh and Selkirk",berwickshire-roxburgh-and-selkirk,S14000008,100,96588,74687,,2024-11-05 09:35:54,2024-11-05 09:35:54
1973,Truro and Falmouth,truro-and-falmouth,E14001554,101,94888,73326,,2024-11-05 09:35:54,2024-11-05 09:35:54
1974,"Moray West, Nairn and Strathspey",moray-west-nairn-and-strathspey,S14000098,102,98659,76237,,2024-11-05 09:35:54,2024-11-05 09:35:54
1975,Cheadle,cheadle,E14001158,103,95479,73775,,2024-11-05 09:35:54,2024-11-05 09:35:54
1976,Leeds North West,leeds-north-west,E14001322,104,92720,71607,,2024-11-05 09:35:54,2024-11-05 09:35:54
1977,Hazel Grove,hazel-grove,E14001277,105,94450,72941,,2024-11-05 09:35:54,2024-11-05 09:35:54
1978,Tatton,tatton,E14001539,106,97867,75538,,2024-11-05 09:35:54,2024-11-05 09:35:54
1979,Sutton Coldfield,sutton-coldfield,E14001535,107,96686,74584,,2024-11-05 09:35:54,2024-11-05 09:35:54
1980,Hartlepool,hartlepool,E14001272,108,92337,71228,,2024-11-05 09:35:54,2024-11-05 09:35:54
1981,Arbroath and Broughty Ferry,arbroath-and-broughty-ferry,S14000066,109,99589,76810,,2024-11-05 09:35:54,2024-11-05 09:35:54
1982,Sussex Weald,sussex-weald,E14001533,110,90870,70075,,2024-11-05 09:35:54,2024-11-05 09:35:54
1983,South Cotswolds,south-cotswolds,E14001482,111,94529,72865,,2024-11-05 09:35:54,2024-11-05 09:35:54
1984,Melksham and Devizes,melksham-and-devizes,E14001356,112,93193,71823,,2024-11-05 09:35:54,2024-11-05 09:35:54
1985,East Hampshire,east-hampshire,E14001214,113,90856,69959,,2024-11-05 09:35:54,2024-11-05 09:35:54
1986,South Suffolk,south-suffolk,E14001494,114,92341,71070,,2024-11-05 09:35:54,2024-11-05 09:35:54
1987,North Durham,north-durham,E14001389,115,94966,73079,,2024-11-05 09:35:54,2024-11-05 09:35:54
1988,Colne Valley,colne-valley,E14001177,116,93050,71518,,2024-11-05 09:35:54,2024-11-05 09:35:54
1989,West Dunbartonshire,west-dunbartonshire,S14000106,117,91456,70286,,2024-11-05 09:35:54,2024-11-05 09:35:54
1990,Cumbernauld and Kirkintilloch,cumbernauld-and-kirkintilloch,S14000072,118,91860,70579,,2024-11-05 09:35:54,2024-11-05 09:35:54
1991,North Cotswolds,north-cotswolds,E14001386,119,92322,70915,,2024-11-05 09:35:54,2024-11-05 09:35:54
1992,Maldon,maldon,E14001351,120,99976,76794,,2024-11-05 09:35:54,2024-11-05 09:35:54
1993,Bishop Auckland,bishop-auckland,E14001101,121,92284,70879,,2024-11-05 09:35:54,2024-11-05 09:35:54
1994,Ossett and Denby Dale,ossett-and-denby-dale,E14001418,122,93221,71595,,2024-11-05 09:35:54,2024-11-05 09:35:54
1995,Hinckley and Bosworth,hinckley-and-bosworth,E14001288,123,98544,75683,,2024-11-05 09:35:54,2024-11-05 09:35:54
1996,Herne Bay and Sandwich,herne-bay-and-sandwich,E14001282,124,99009,76028,,2024-11-05 09:35:54,2024-11-05 09:35:54
1997,Chester North and Neston,chester-north-and-neston,E14001163,125,94205,72327,,2024-11-05 09:35:54,2024-11-05 09:35:54
1998,Dwyfor Meirionnydd,dwyfor-meirionnydd,W07000096,126,94479,72533,,2024-11-05 09:35:54,2024-11-05 09:35:54
1999,Stockton West,stockton-west,E14001519,127,91342,70108,,2024-11-05 09:35:54,2024-11-05 09:35:54
2000,Calder Valley,calder-valley,E14001147,128,99047,75987,,2024-11-05 09:35:54,2024-11-05 09:35:54
2001,Widnes and Halewood,widnes-and-halewood,E14001584,129,92384,70865,,2024-11-05 09:35:54,2024-11-05 09:35:54
2002,Chester South and Eddisbury,chester-south-and-eddisbury,E14001164,130,93834,71975,,2024-11-05 09:35:54,2024-11-05 09:35:54
2003,Ribble Valley,ribble-valley,E14001443,131,99095,75993,,2024-11-05 09:35:54,2024-11-05 09:35:54
2004,Tynemouth,tynemouth,E14001557,132,95254,73022,,2024-11-05 09:35:54,2024-11-05 09:35:54
2005,Blaydon and Consett,blaydon-and-consett,E14001106,133,91527,70163,,2024-11-05 09:35:54,2024-11-05 09:35:54
2006,Broxtowe,broxtowe,E14001140,134,94546,72461,,2024-11-05 09:35:54,2024-11-05 09:35:54
2007,Gosport,gosport,E14001252,135,96270,73763,,2024-11-05 09:35:54,2024-11-05 09:35:54
2008,Hamilton and Clyde Valley,hamilton-and-clyde-valley,S14000092,136,97362,74577,,2024-11-05 09:35:54,2024-11-05 09:35:54
2009,Havant,havant,E14001275,137,95005,72766,,2024-11-05 09:35:54,2024-11-05 09:35:54
2010,Alloa and Grangemouth,alloa-and-grangemouth,S14000064,138,94405,72265,,2024-11-05 09:35:54,2024-11-05 09:35:54
2011,Houghton and Sunderland South,houghton-and-sunderland-south,E14001295,139,100441,76883,,2024-11-05 09:35:54,2024-11-05 09:35:54
2012,North East Somerset and Hanham,north-east-somerset-and-hanham,E14001394,140,95543,73113,,2024-11-05 09:35:54,2024-11-05 09:35:54
2013,Rother Valley,rother-valley,E14001451,141,91724,70184,,2024-11-05 09:35:54,2024-11-05 09:35:54
2014,Torfaen,torfaen,W07000109,142,92276,70591,,2024-11-05 09:35:54,2024-11-05 09:35:54
2015,Worthing West,worthing-west,E14001599,143,99731,76293,,2024-11-05 09:35:54,2024-11-05 09:35:54
2016,Redcar,redcar,E14001440,144,93285,71331,,2024-11-05 09:35:54,2024-11-05 09:35:54
2017,Rutherglen,rutherglen,S14000104,145,93731,71612,,2024-11-05 09:35:54,2024-11-05 09:35:54
2018,Bangor Aberconwy,bangor-aberconwy,W07000083,146,92264,70468,,2024-11-05 09:35:54,2024-11-05 09:35:54
2019,Brentwood and Ongar,brentwood-and-ongar,E14001125,147,98118,74937,,2024-11-05 09:35:54,2024-11-05 09:35:54
2020,Solihull West and Shirley,solihull-west-and-shirley,E14001479,148,92363,70537,,2024-11-05 09:35:54,2024-11-05 09:35:54
2021,Coatbridge and Bellshill,coatbridge-and-bellshill,S14000070,149,94957,72507,,2024-11-05 09:35:54,2024-11-05 09:35:54
2022,North East Fife,north-east-fife,S14000100,150,92291,70452,,2024-11-05 09:35:54,2024-11-05 09:35:54
2023,Thornbury and Yate,thornbury-and-yate,E14001545,151,98164,74935,,2024-11-05 09:35:54,2024-11-05 09:35:54
2024,North Shropshire,north-shropshire,E14001398,152,100943,77052,,2024-11-05 09:35:54,2024-11-05 09:35:54
2025,Harwich and North Essex,harwich-and-north-essex,E14001273,153,98104,74838,,2024-11-05 09:35:54,2024-11-05 09:35:54
2026,Kenilworth and Southam,kenilworth-and-southam,E14001309,154,93668,71451,,2024-11-05 09:35:54,2024-11-05 09:35:54
2027,Folkestone and Hythe,folkestone-and-hythe,E14001239,155,91833,70023,,2024-11-05 09:35:54,2024-11-05 09:35:54
2028,Runcorn and Helsby,runcorn-and-helsby,E14001455,156,93135,70950,,2024-11-05 09:35:54,2024-11-05 09:35:54
2029,Southport,southport,E14001504,157,97373,74168,,2024-11-05 09:35:54,2024-11-05 09:35:54
2030,Clwyd North,clwyd-north,W07000095,158,99977,76150,,2024-11-05 09:35:54,2024-11-05 09:35:54
2031,Sleaford and North Hykeham,sleaford-and-north-hykeham,E14001476,159,96345,73380,,2024-11-05 09:35:54,2024-11-05 09:35:54
2032,Frome and East Somerset,frome-and-east-somerset,E14001241,160,92145,70177,,2024-11-05 09:35:54,2024-11-05 09:35:54
2033,"Stone, Great Wyrley and Penkridge",stone-great-wyrley-and-penkridge,E14001523,161,92835,70701,,2024-11-05 09:35:54,2024-11-05 09:35:54
2034,Glastonbury and Somerton,glastonbury-and-somerton,E14001247,162,91962,70015,,2024-11-05 09:35:54,2024-11-05 09:35:54
2035,Stratford-on-Avon,stratford-on-avon,E14001526,163,95082,72388,,2024-11-05 09:35:54,2024-11-05 09:35:54
2036,Ynys Môn,ynys-mon,W07000112,164,68877,52415,,2024-11-05 09:35:54,2024-11-05 09:35:54
2037,Knowsley,knowsley,E14001317,165,93601,71228,,2024-11-05 09:35:54,2024-11-05 09:35:54
2038,Shipley,shipley,E14001472,166,97422,74095,,2024-11-05 09:35:54,2024-11-05 09:35:54
2039,South Ribble,south-ribble,E14001491,167,94711,72029,,2024-11-05 09:35:54,2024-11-05 09:35:54
2040,Mid and South Pembrokeshire,mid-and-south-pembrokeshire,W07000100,168,101014,76820,,2024-11-05 09:35:54,2024-11-05 09:35:54
2041,Scarborough and Whitby,scarborough-and-whitby,E14001461,169,97185,73862,,2024-11-05 09:35:54,2024-11-05 09:35:54
2042,Rushcliffe,rushcliffe,E14001457,170,100243,76171,,2024-11-05 09:35:54,2024-11-05 09:35:54
2043,St Helens North,st-helens-north,E14001509,171,100169,76082,,2024-11-05 09:35:54,2024-11-05 09:35:54
2044,Gordon and Buchan,gordon-and-buchan,S14000091,172,92504,70238,,2024-11-05 09:35:54,2024-11-05 09:35:54
2045,Salisbury,salisbury,E14001460,173,92511,70242,,2024-11-05 09:35:54,2024-11-05 09:35:54
2046,Bromsgrove,bromsgrove,E14001138,174,99183,75305,,2024-11-05 09:35:54,2024-11-05 09:35:54
2047,Cramlington and Killingworth,cramlington-and-killingworth,E14001183,175,96555,73295,,2024-11-05 09:35:54,2024-11-05 09:35:54
2048,Washington and Gateshead South,washington-and-gateshead-south,E14001567,176,94561,71775,,2024-11-05 09:35:54,2024-11-05 09:35:54
2049,Montgomeryshire and Glyndŵr,montgomeryshire-and-glyndwr,W07000102,177,97787,74223,,2024-11-05 09:35:54,2024-11-05 09:35:54
2050,Melton and Syston,melton-and-syston,E14001357,178,94356,71615,,2024-11-05 09:35:54,2024-11-05 09:35:54
2051,North West Leicestershire,north-west-leicestershire,E14001404,179,99353,75373,,2024-11-05 09:35:54,2024-11-05 09:35:54
2052,Spen Valley,spen-valley,E14001506,180,95132,72169,,2024-11-05 09:35:54,2024-11-05 09:35:54
2053,Chesterfield,chesterfield,E14001165,181,93241,70722,,2024-11-05 09:35:54,2024-11-05 09:35:54
2054,Bathgate and Linlithgow,bathgate-and-linlithgow,S14000068,182,94469,71650,,2024-11-05 09:35:54,2024-11-05 09:35:54
2055,Tonbridge,tonbridge,E14001549,183,97215,73692,,2024-11-05 09:35:54,2024-11-05 09:35:54
2056,Wyre Forest,wyre-forest,E14001601,184,101607,77015,,2024-11-05 09:35:54,2024-11-05 09:35:54
2057,Cardiff North,cardiff-north,W07000090,185,93891,71143,,2024-11-05 09:35:54,2024-11-05 09:35:54
2058,Jarrow and Gateshead East,jarrow-and-gateshead-east,E14001307,186,93845,71106,,2024-11-05 09:35:54,2024-11-05 09:35:54
2059,Wallasey,wallasey,E14001561,187,96433,73054,,2024-11-05 09:35:54,2024-11-05 09:35:54
2060,East Worthing and Shoreham,east-worthing-and-shoreham,E14001218,188,99625,75466,,2024-11-05 09:35:54,2024-11-05 09:35:54
2061,Middlesbrough South and East Cleveland,middlesbrough-south-and-east-cleveland,E14001368,189,92410,69967,,2024-11-05 09:35:54,2024-11-05 09:35:54
2062,Airdrie and Shotts,airdrie-and-shotts,S14000063,190,93041,70420,,2024-11-05 09:35:54,2024-11-05 09:35:54
2063,East Grinstead and Uckfield,east-grinstead-and-uckfield,E14001212,191,95607,72356,,2024-11-05 09:35:54,2024-11-05 09:35:54
2064,North Cornwall,north-cornwall,E14001385,192,99156,75034,,2024-11-05 09:35:54,2024-11-05 09:35:54
2065,Hyndburn,hyndburn,E14001299,193,94025,71145,,2024-11-05 09:35:54,2024-11-05 09:35:54
2066,Erewash,erewash,E14001228,194,95173,71986,,2024-11-05 09:35:54,2024-11-05 09:35:54
2067,West Aberdeenshire and Kincardine,west-aberdeenshire-and-kincardine,S14000058,195,97475,73634,,2024-11-05 09:35:54,2024-11-05 09:35:54
2068,Weald of Kent,weald-of-kent,E14001570,196,92841,70110,,2024-11-05 09:35:54,2024-11-05 09:35:54
2069,Stirling and Strathallan,stirling-and-strathallan,S14000105,197,102001,77008,,2024-11-05 09:35:54,2024-11-05 09:35:54
2070,South Norfolk,south-norfolk,E14001489,198,92548,69837,,2024-11-05 09:35:54,2024-11-05 09:35:54
2071,Newton Aycliffe and Spennymoor,newton-aycliffe-and-spennymoor,E14001382,199,94517,71299,,2024-11-05 09:35:54,2024-11-05 09:35:54
2072,Central Suffolk and North Ipswich,central-suffolk-and-north-ipswich,E14001156,200,94164,71020,,2024-11-05 09:35:54,2024-11-05 09:35:54
2073,Aberafan Maesteg,aberafan-maesteg,W07000081,201,92575,69817,,2024-11-05 09:35:54,2024-11-05 09:35:54
2074,Warrington South,warrington-south,E14001565,202,101668,76639,,2024-11-05 09:35:54,2024-11-05 09:35:54
2075,Newcastle-under-Lyme,newcastle-under-lyme,E14001380,203,92899,70025,,2024-11-05 09:35:54,2024-11-05 09:35:54
2076,South Northamptonshire,south-northamptonshire,E14001490,204,101563,76555,,2024-11-05 09:35:54,2024-11-05 09:35:54
2077,East Renfrewshire,east-renfrewshire,S14000021,205,96817,72959,,2024-11-05 09:35:54,2024-11-05 09:35:54
2078,Blaenau Gwent and Rhymney,blaenau-gwent-and-rhymney,W07000084,206,94400,71079,,2024-11-05 09:35:54,2024-11-05 09:35:54
2079,Harpenden and Berkhamsted,harpenden-and-berkhamsted,E14001268,207,95141,71635,,2024-11-05 09:35:54,2024-11-05 09:35:54
2080,Glenrothes and Mid Fife,glenrothes-and-mid-fife,S14000090,208,92662,69734,,2024-11-05 09:35:54,2024-11-05 09:35:54
2081,South Derbyshire,south-derbyshire,E14001483,209,94650,71202,,2024-11-05 09:35:54,2024-11-05 09:35:54
2082,Rutland and Stamford,rutland-and-stamford,E14001458,210,94238,70864,,2024-11-05 09:35:54,2024-11-05 09:35:54
2083,Cannock Chase,cannock-chase,E14001150,211,100519,75582,,2024-11-05 09:35:54,2024-11-05 09:35:54
2084,Caerphilly,caerphilly,W07000088,212,96370,72458,,2024-11-05 09:35:54,2024-11-05 09:35:54
2085,Stourbridge,stourbridge,E14001524,213,92889,69840,,2024-11-05 09:35:54,2024-11-05 09:35:54
2086,Easington,easington,E14001211,214,93176,70043,,2024-11-05 09:35:54,2024-11-05 09:35:54
2087,Cheltenham,cheltenham,E14001161,215,100196,75292,,2024-11-05 09:35:54,2024-11-05 09:35:54
2088,Hamble Valley,hamble-valley,E14001263,216,102368,76902,,2024-11-05 09:35:54,2024-11-05 09:35:54
2089,Merthyr Tydfil and Aberdare,merthyr-tydfil-and-aberdare,W07000099,217,99652,74805,,2024-11-05 09:35:54,2024-11-05 09:35:54
2090,Neath and Swansea East,neath-and-swansea-east,W07000103,218,99529,74705,,2024-11-05 09:35:54,2024-11-05 09:35:54
2091,Shrewsbury,shrewsbury,E14001473,219,100113,75139,,2024-11-05 09:35:54,2024-11-05 09:35:54
2092,Paisley and Renfrewshire North,paisley-and-renfrewshire-north,S14000101,220,93190,69941,,2024-11-05 09:35:54,2024-11-05 09:35:54
2093,Newport West and Islwyn,newport-west-and-islwyn,W07000105,221,101589,76234,,2024-11-05 09:35:54,2024-11-05 09:35:54
2094,Perth and Kinross-shire,perth-and-kinross-shire,S14000103,222,101706,76320,,2024-11-05 09:35:54,2024-11-05 09:35:54
2095,Stalybridge and Hyde,stalybridge-and-hyde,E14001515,223,97355,73028,,2024-11-05 09:35:54,2024-11-05 09:35:54
2096,North Warwickshire and Bedworth,north-warwickshire-and-bedworth,E14001400,224,93667,70245,,2024-11-05 09:35:54,2024-11-05 09:35:54
2097,Bristol Central,bristol-central,E14001131,225,93645,70227,,2024-11-05 09:35:54,2024-11-05 09:35:54
2098,Gedling,gedling,E14001245,226,101082,75795,,2024-11-05 09:35:54,2024-11-05 09:35:54
2099,Tewkesbury,tewkesbury,E14001542,227,96611,72426,,2024-11-05 09:35:54,2024-11-05 09:35:54
2100,Beaconsfield,beaconsfield,E14001082,228,96475,72315,,2024-11-05 09:35:54,2024-11-05 09:35:54
2101,Dorking and Horley,dorking-and-horley,E14001201,229,93815,70317,,2024-11-05 09:35:54,2024-11-05 09:35:54
2102,Mid Leicestershire,mid-leicestershire,E14001364,230,101640,76173,,2024-11-05 09:35:54,2024-11-05 09:35:54
2103,Harrogate and Knaresborough,harrogate-and-knaresborough,E14001269,231,101182,75800,,2024-11-05 09:35:54,2024-11-05 09:35:54
2104,Romsey and Southampton North,romsey-and-southampton-north,E14001449,232,98613,73831,,2024-11-05 09:35:54,2024-11-05 09:35:54
2105,Warrington North,warrington-north,E14001564,233,96646,72350,,2024-11-05 09:35:54,2024-11-05 09:35:54
2106,Chesham and Amersham,chesham-and-amersham,E14001162,234,99061,74155,,2024-11-05 09:35:54,2024-11-05 09:35:54
2107,Doncaster East and the Isle of Axholme,doncaster-east-and-the-isle-of-axholme,E14001199,235,93677,70113,,2024-11-05 09:35:54,2024-11-05 09:35:54
2108,Eastleigh,eastleigh,E14001220,236,93556,69982,,2024-11-05 09:35:54,2024-11-05 09:35:54
2109,St Helens South and Whiston,st-helens-south-and-whiston,E14001510,237,94843,70937,,2024-11-05 09:35:54,2024-11-05 09:35:54
2110,Liverpool Garston,liverpool-garston,E14001337,238,94104,70372,,2024-11-05 09:35:54,2024-11-05 09:35:54
2111,St Austell and Newquay,st-austell-and-newquay,E14001508,239,99757,74585,,2024-11-05 09:35:54,2024-11-05 09:35:54
2112,North East Hertfordshire,north-east-hertfordshire,E14001393,240,102789,76849,,2024-11-05 09:35:54,2024-11-05 09:35:54
2113,Southend West and Leigh,southend-west-and-leigh,E14001502,241,102832,76824,,2024-11-05 09:35:54,2024-11-05 09:35:54
2114,Ellesmere Port and Bromborough,ellesmere-port-and-bromborough,E14001222,242,95140,71027,,2024-11-05 09:35:54,2024-11-05 09:35:54
2115,Bury North,bury-north,E14001144,243,103161,77009,,2024-11-05 09:35:54,2024-11-05 09:35:54
2116,Meriden and Solihull East,meriden-and-solihull-east,E14001358,244,99430,74211,,2024-11-05 09:35:54,2024-11-05 09:35:54
2117,Sunderland Central,sunderland-central,E14001531,245,97414,72688,,2024-11-05 09:35:54,2024-11-05 09:35:54
2118,Vale of Glamorgan,vale-of-glamorgan,W07000110,246,94390,70426,,2024-11-05 09:35:54,2024-11-05 09:35:54
2119,Stafford,stafford,E14001513,247,94546,70537,,2024-11-05 09:35:54,2024-11-05 09:35:54
2120,Leeds South West and Morley,leeds-south-west-and-morley,E14001324,248,95721,71376,,2024-11-05 09:35:54,2024-11-05 09:35:54
2121,Bolsover,bolsover,E14001109,249,100163,74680,,2024-11-05 09:35:54,2024-11-05 09:35:54
2122,Exmouth and Exeter East,exmouth-and-exeter-east,E14001232,250,99930,74502,,2024-11-05 09:35:54,2024-11-05 09:35:54
2123,Rawmarsh and Conisbrough,rawmarsh-and-conisbrough,E14001436,251,94260,70272,,2024-11-05 09:35:54,2024-11-05 09:35:54
2124,South Leicestershire,south-leicestershire,E14001488,252,101513,75634,,2024-11-05 09:35:54,2024-11-05 09:35:54
2125,Bury St Edmunds and Stowmarket,bury-st-edmunds-and-stowmarket,E14001146,253,101568,75655,,2024-11-05 09:35:54,2024-11-05 09:35:54
2126,Bridgend,bridgend,W07000086,254,95055,70770,,2024-11-05 09:35:54,2024-11-05 09:35:54
2127,Sherwood Forest,sherwood-forest,E14001471,255,102943,76543,,2024-11-05 09:35:54,2024-11-05 09:35:54
2128,Llanelli,llanelli,W07000098,256,94051,69895,,2024-11-05 09:35:54,2024-11-05 09:35:54
2129,Blyth and Ashington,blyth-and-ashington,E14001107,257,101534,75452,,2024-11-05 09:35:54,2024-11-05 09:35:54
2130,Poole,poole,E14001429,258,97199,72162,,2024-11-05 09:35:54,2024-11-05 09:35:54
2131,Camborne and Redruth,camborne-and-redruth,E14001148,259,99095,73568,,2024-11-05 09:35:54,2024-11-05 09:35:54
2132,Paisley and Renfrewshire South,paisley-and-renfrewshire-south,S14000102,260,94098,69813,,2024-11-05 09:35:54,2024-11-05 09:35:54
2133,"Motherwell, Wishaw and Carluke",motherwell-wishaw-and-carluke,S14000099,261,97492,72318,,2024-11-05 09:35:54,2024-11-05 09:35:54
2134,Doncaster North,doncaster-north,E14001200,262,96714,71739,,2024-11-05 09:35:54,2024-11-05 09:35:54
2135,Makerfield,makerfield,E14001350,263,103158,76517,,2024-11-05 09:35:54,2024-11-05 09:35:54
2136,Bootle,bootle,E14001113,264,101382,75194,,2024-11-05 09:35:54,2024-11-05 09:35:54
2137,Alyn and Deeside,alyn-and-deeside,W07000082,265,102075,75695,,2024-11-05 09:35:54,2024-11-05 09:35:54
2138,Henley and Thame,henley-and-thame,E14001280,266,95241,70626,,2024-11-05 09:35:54,2024-11-05 09:35:54
2139,Mid Cheshire,mid-cheshire,E14001361,267,94129,69775,,2024-11-05 09:35:54,2024-11-05 09:35:54
2140,Selby,selby,E14001464,268,100881,74761,,2024-11-05 09:35:54,2024-11-05 09:35:54
2141,Horsham,horsham,E14001294,269,103882,76981,,2024-11-05 09:35:54,2024-11-05 09:35:54
2142,Sevenoaks,sevenoaks,E14001465,270,99473,73684,,2024-11-05 09:35:54,2024-11-05 09:35:54
2143,Cowdenbeath and Kirkcaldy,cowdenbeath-and-kirkcaldy,S14000071,271,94981,70329,,2024-11-05 09:35:54,2024-11-05 09:35:54
2144,Dunfermline and Dollar,dunfermline-and-dollar,S14000076,272,95566,70725,,2024-11-05 09:35:54,2024-11-05 09:35:54
2145,Godalming and Ash,godalming-and-ash,E14001249,273,96480,71399,,2024-11-05 09:35:54,2024-11-05 09:35:54
2146,Stoke-on-Trent South,stoke-on-trent-south,E14001522,274,94489,69831,,2024-11-05 09:35:54,2024-11-05 09:35:54
2147,Carlisle,carlisle,E14001152,275,102663,75868,,2024-11-05 09:35:54,2024-11-05 09:35:54
2148,Chorley,chorley,E14001170,276,100925,74568,,2024-11-05 09:35:54,2024-11-05 09:35:54
2149,Mid Norfolk,mid-norfolk,E14001365,277,96182,71060,,2024-11-05 09:35:54,2024-11-05 09:35:54
2150,Mid Buckinghamshire,mid-buckinghamshire,E14001360,278,97797,72240,,2024-11-05 09:35:54,2024-11-05 09:35:54
2151,Livingston,livingston,S14000095,279,102162,75454,,2024-11-05 09:35:54,2024-11-05 09:35:54
2152,Goole and Pocklington,goole-and-pocklington,E14001250,280,103404,76337,,2024-11-05 09:35:54,2024-11-05 09:35:54
2153,South West Wiltshire,south-west-wiltshire,E14001498,281,96937,71551,,2024-11-05 09:35:54,2024-11-05 09:35:54
2154,Leeds North East,leeds-north-east,E14001321,282,96180,70976,,2024-11-05 09:35:54,2024-11-05 09:35:54
2155,Halesowen,halesowen,E14001261,283,94737,69907,,2024-11-05 09:35:55,2024-11-05 09:35:55
2156,Midlothian,midlothian,S14000045,284,96527,71210,,2024-11-05 09:35:55,2024-11-05 09:35:55
2157,"Harborough, Oadby and Wigston",harborough-oadby-and-wigston,E14001266,285,101408,74810,,2024-11-05 09:35:55,2024-11-05 09:35:55
2158,East Surrey,east-surrey,E14001215,286,99165,73145,,2024-11-05 09:35:55,2024-11-05 09:35:55
2159,Hereford and South Herefordshire,hereford-and-south-herefordshire,E14001281,287,96480,71125,,2024-11-05 09:35:55,2024-11-05 09:35:55
2160,Chichester,chichester,E14001166,288,104142,76765,,2024-11-05 09:35:55,2024-11-05 09:35:55
2161,Dover and Deal,dover-and-deal,E14001202,289,103073,75855,,2024-11-05 09:35:55,2024-11-05 09:35:55
2162,Rossendale and Darwen,rossendale-and-darwen,E14001450,290,101408,74593,,2024-11-05 09:35:55,2024-11-05 09:35:55
2163,Old Bexley and Sidcup,old-bexley-and-sidcup,E14001414,291,101091,74317,,2024-11-05 09:35:55,2024-11-05 09:35:55
2164,Rhondda and Ogmore,rhondda-and-ogmore,W07000107,292,100067,73557,,2024-11-05 09:35:55,2024-11-05 09:35:55
2165,Brighton Pavilion,brighton-pavilion,E14001130,293,103020,75722,,2024-11-05 09:35:55,2024-11-05 09:35:55
2166,Reading West and Mid Berkshire,reading-west-and-mid-berkshire,E14001439,294,95242,69999,,2024-11-05 09:35:55,2024-11-05 09:35:55
2167,Barnsley North,barnsley-north,E14001074,295,104499,76794,,2024-11-05 09:35:55,2024-11-05 09:35:55
2168,Ashfield,ashfield,E14001068,296,95018,69819,,2024-11-05 09:35:55,2024-11-05 09:35:55
2169,Mid Sussex,mid-sussex,E14001366,297,98398,72255,,2024-11-05 09:35:55,2024-11-05 09:35:55
2170,Keighley and Ilkley,keighley-and-ilkley,E14001308,298,99381,72954,,2024-11-05 09:35:55,2024-11-05 09:35:55
2171,Bolton West,bolton-west,E14001112,299,98271,72125,,2024-11-05 09:35:55,2024-11-05 09:35:55
2172,Tamworth,tamworth,E14001538,300,100372,73644,,2024-11-05 09:35:55,2024-11-05 09:35:55
2173,Loughborough,loughborough,E14001342,301,100724,73902,,2024-11-05 09:35:55,2024-11-05 09:35:55
2174,Newbury,newbury,E14001376,302,97660,71631,,2024-11-05 09:35:55,2024-11-05 09:35:55
2175,West Lancashire,west-lancashire,E14001577,303,100437,73652,,2024-11-05 09:35:55,2024-11-05 09:35:55
2176,Witham,witham,E14001590,304,102386,75064,,2024-11-05 09:35:55,2024-11-05 09:35:55
2177,Aberdeenshire North and Moray East,aberdeenshire-north-and-moray-east,S14000062,305,97578,71485,,2024-11-05 09:35:55,2024-11-05 09:35:55
2178,Altrincham and Sale West,altrincham-and-sale-west,E14001065,306,100921,73934,,2024-11-05 09:35:55,2024-11-05 09:35:55
2179,Brighton Kemptown and Peacehaven,brighton-kemptown-and-peacehaven,E14001129,307,95377,69865,,2024-11-05 09:35:55,2024-11-05 09:35:55
2180,Sheffield South East,sheffield-south-east,E14001470,308,104078,76223,,2024-11-05 09:35:55,2024-11-05 09:35:55
2181,"Inverness, Skye and West Ross-shire",inverness-skye-and-west-ross-shire,S14000094,309,105007,76903,,2024-11-05 09:35:55,2024-11-05 09:35:55
2182,North Bedfordshire,north-bedfordshire,E14001384,310,104217,76319,,2024-11-05 09:35:55,2024-11-05 09:35:55
2183,Normanton and Hemsworth,normanton-and-hemsworth,E14001383,311,102999,75388,,2024-11-05 09:35:55,2024-11-05 09:35:55
2184,Glasgow South West,glasgow-south-west,S14000088,312,96233,70431,,2024-11-05 09:35:55,2024-11-05 09:35:55
2185,Heywood and Middleton North,heywood-and-middleton-north,E14001286,313,100170,73306,,2024-11-05 09:35:55,2024-11-05 09:35:55
2186,Glasgow West,glasgow-west,S14000089,314,99080,72499,,2024-11-05 09:35:55,2024-11-05 09:35:55
2187,Chippenham,chippenham,E14001168,315,97944,71648,,2024-11-05 09:35:55,2024-11-05 09:35:55
2188,Winchester,winchester,E14001587,316,104765,76577,,2024-11-05 09:35:55,2024-11-05 09:35:55
2189,Lothian East,lothian-east,S14000096,317,97579,71287,,2024-11-05 09:35:55,2024-11-05 09:35:55
2190,Hitchin,hitchin,E14001289,318,98716,72112,,2024-11-05 09:35:55,2024-11-05 09:35:55
2191,North West Essex,north-west-essex,E14001402,319,104525,76280,,2024-11-05 09:35:55,2024-11-05 09:35:55
2192,Weston-super-Mare,weston-super-mare,E14001581,320,96914,70722,,2024-11-05 09:35:55,2024-11-05 09:35:55
2193,North West Norfolk,north-west-norfolk,E14001405,321,103101,75200,,2024-11-05 09:35:55,2024-11-05 09:35:55
2194,Plymouth Moor View,plymouth-moor-view,E14001426,322,100609,73378,,2024-11-05 09:35:55,2024-11-05 09:35:55
2195,Grantham and Bourne,grantham-and-bourne,E14001253,323,98857,72071,,2024-11-05 09:35:55,2024-11-05 09:35:55
2196,Droitwich and Evesham,droitwich-and-evesham,E14001203,324,101984,74345,,2024-11-05 09:35:55,2024-11-05 09:35:55
2197,Orpington,orpington,E14001417,325,98227,71571,,2024-11-05 09:35:55,2024-11-05 09:35:55
2198,Farnham and Bordon,farnham-and-bordon,E14001234,326,100196,72938,,2024-11-05 09:35:55,2024-11-05 09:35:55
2199,Newark,newark,E14001375,327,105059,76478,,2024-11-05 09:35:55,2024-11-05 09:35:55
2200,Bassetlaw,bassetlaw,E14001079,328,104200,75773,,2024-11-05 09:35:55,2024-11-05 09:35:55
2201,Pontypridd,pontypridd,W07000106,329,101438,73743,,2024-11-05 09:35:55,2024-11-05 09:35:55
2202,Liverpool West Derby,liverpool-west-derby,E14001341,330,97295,70730,,2024-11-05 09:35:55,2024-11-05 09:35:55
2203,Braintree,braintree,E14001121,331,104135,75662,,2024-11-05 09:35:55,2024-11-05 09:35:55
2204,Epping Forest,epping-forest,E14001226,332,102613,74553,,2024-11-05 09:35:55,2024-11-05 09:35:55
2205,Daventry,daventry,E14001192,333,105381,76539,,2024-11-05 09:35:55,2024-11-05 09:35:55
2206,North East Hampshire,north-east-hampshire,E14001392,334,100954,73306,,2024-11-05 09:35:55,2024-11-05 09:35:55
2207,Hove and Portslade,hove-and-portslade,E14001296,335,101538,73726,,2024-11-05 09:35:55,2024-11-05 09:35:55
2208,Torbay,torbay,E14001551,336,104400,75742,,2024-11-05 09:35:55,2024-11-05 09:35:55
2209,Yeovil,yeovil,E14001603,337,104875,76056,,2024-11-05 09:35:55,2024-11-05 09:35:55
2210,Faversham and Mid Kent,faversham-and-mid-kent,E14001235,338,99072,71798,,2024-11-05 09:35:55,2024-11-05 09:35:55
2211,Gateshead Central and Whickham,gateshead-central-and-whickham,E14001244,339,97980,70994,,2024-11-05 09:35:55,2024-11-05 09:35:55
2212,City of Durham,city-of-durham,E14001173,340,100678,72878,,2024-11-05 09:35:55,2024-11-05 09:35:55
2213,Barnsley South,barnsley-south,E14001075,341,104865,75896,,2024-11-05 09:35:55,2024-11-05 09:35:55
2214,Darlington,darlington,E14001190,342,97348,70446,,2024-11-05 09:35:55,2024-11-05 09:35:55
2215,Ely and East Cambridgeshire,ely-and-east-cambridgeshire,E14001224,343,105469,76279,,2024-11-05 09:35:55,2024-11-05 09:35:55
2216,Birkenhead,birkenhead,E14001091,344,105494,76271,,2024-11-05 09:35:55,2024-11-05 09:35:55
2217,Gillingham and Rainham,gillingham-and-rainham,E14001246,345,102313,73951,,2024-11-05 09:35:55,2024-11-05 09:35:55
2218,South Basildon and East Thurrock,south-basildon-and-east-thurrock,E14001480,346,101465,73322,,2024-11-05 09:35:55,2024-11-05 09:35:55
2219,"Ruislip, Northwood and Pinner",ruislip-northwood-and-pinner,E14001454,347,99873,72168,,2024-11-05 09:35:55,2024-11-05 09:35:55
2220,Ashton-under-Lyne,ashton-under-lyne,E14001070,348,100040,72278,,2024-11-05 09:35:55,2024-11-05 09:35:55
2221,South West Hertfordshire,south-west-hertfordshire,E14001496,349,99064,71552,,2024-11-05 09:35:55,2024-11-05 09:35:55
2222,Bromley and Biggin Hill,bromley-and-biggin-hill,E14001137,350,97556,70418,,2024-11-05 09:35:55,2024-11-05 09:35:55
2223,Surrey Heath,surrey-heath,E14001532,351,98129,70825,,2024-11-05 09:35:55,2024-11-05 09:35:55
2224,Cardiff West,cardiff-west,W07000092,352,102505,73947,,2024-11-05 09:35:55,2024-11-05 09:35:55
2225,East Antrim,east-antrim,N05000005,353,96954,69936,,2024-11-05 09:35:55,2024-11-05 09:35:55
2226,Worsley and Eccles,worsley-and-eccles,E14001598,354,106631,76915,,2024-11-05 09:35:55,2024-11-05 09:35:55
2227,Hastings and Rye,hastings-and-rye,E14001274,355,104817,75581,,2024-11-05 09:35:55,2024-11-05 09:35:55
2228,Eastbourne,eastbourne,E14001219,356,101687,73322,,2024-11-05 09:35:55,2024-11-05 09:35:55
2229,"Pontefract, Castleford and Knottingley",pontefract-castleford-and-knottingley,E14001428,357,100909,72751,,2024-11-05 09:35:55,2024-11-05 09:35:55
2230,Wigan,wigan,E14001585,358,104891,75607,,2024-11-05 09:35:55,2024-11-05 09:35:55
2231,Norwich North,norwich-north,E14001408,359,99130,71441,,2024-11-05 09:35:55,2024-11-05 09:35:55
2232,Mid Bedfordshire,mid-bedfordshire,E14001359,360,99622,71748,,2024-11-05 09:35:55,2024-11-05 09:35:55
2233,Witney,witney,E14001591,361,97260,70042,,2024-11-05 09:35:55,2024-11-05 09:35:55
2234,Bridgwater,bridgwater,E14001126,362,99203,71418,,2024-11-05 09:35:55,2024-11-05 09:35:55
2235,South Cambridgeshire,south-cambridgeshire,E14001481,363,104912,75484,,2024-11-05 09:35:55,2024-11-05 09:35:55
2236,Stretford and Urmston,stretford-and-urmston,E14001528,364,101770,73212,,2024-11-05 09:35:55,2024-11-05 09:35:55
2237,North Down,north-down,N05000013,365,97900,70412,,2024-11-05 09:35:55,2024-11-05 09:35:55
2238,Bognor Regis and Littlehampton,bognor-regis-and-littlehampton,E14001108,366,107059,76985,,2024-11-05 09:35:55,2024-11-05 09:35:55
2239,Clapham and Brixton Hill,clapham-and-brixton-hill,E14001175,367,104988,75460,,2024-11-05 09:35:55,2024-11-05 09:35:55
2240,Foyle,foyle,N05000008,368,97305,69890,,2024-11-05 09:35:55,2024-11-05 09:35:55
2241,Bristol South,bristol-south,E14001135,369,104096,74696,,2024-11-05 09:35:55,2024-11-05 09:35:55
2242,Tooting,tooting,E14001550,370,107289,76986,,2024-11-05 09:35:55,2024-11-05 09:35:55
2243,Portsmouth North,portsmouth-north,E14001431,371,100135,71844,,2024-11-05 09:35:55,2024-11-05 09:35:55
2244,Great Grimsby and Cleethorpes,great-grimsby-and-cleethorpes,E14001255,372,107432,77050,,2024-11-05 09:35:55,2024-11-05 09:35:55
2245,Newcastle upon Tyne North,newcastle-upon-tyne-north,E14001379,373,106730,76503,,2024-11-05 09:35:55,2024-11-05 09:35:55
2246,Wrexham,wrexham,W07000111,374,99079,70964,,2024-11-05 09:35:55,2024-11-05 09:35:55
2247,Hornchurch and Upminster,hornchurch-and-upminster,E14001292,375,107511,76938,,2024-11-05 09:35:55,2024-11-05 09:35:55
2248,Warwick and Leamington,warwick-and-leamington,E14001566,376,105463,75440,,2024-11-05 09:35:55,2024-11-05 09:35:55
2249,Bath,bath,E14001080,377,102411,73241,,2024-11-05 09:35:55,2024-11-05 09:35:55
2250,Beckenham and Penge,beckenham-and-penge,E14001083,378,107150,76625,,2024-11-05 09:35:55,2024-11-05 09:35:55
2251,Wokingham,wokingham,E14001593,379,98223,70235,,2024-11-05 09:35:55,2024-11-05 09:35:55
2252,Strangford,strangford,N05000016,380,98154,70070,,2024-11-05 09:35:55,2024-11-05 09:35:55
2253,Swansea West,swansea-west,W07000108,381,104543,74612,,2024-11-05 09:35:55,2024-11-05 09:35:55
2254,Southend East and Rochford,southend-east-and-rochford,E14001501,382,98245,70094,,2024-11-05 09:35:55,2024-11-05 09:35:55
2255,Tunbridge Wells,tunbridge-wells,E14001555,383,105427,75213,,2024-11-05 09:35:55,2024-11-05 09:35:55
2256,Hertford and Stortford,hertford-and-stortford,E14001283,384,105699,75396,,2024-11-05 09:35:55,2024-11-05 09:35:55
2257,Stockport,stockport,E14001517,385,104844,74769,,2024-11-05 09:35:55,2024-11-05 09:35:55
2258,Chelmsford,chelmsford,E14001159,386,107209,76454,,2024-11-05 09:35:55,2024-11-05 09:35:55
2259,Epsom and Ewell,epsom-and-ewell,E14001227,387,107858,76844,,2024-11-05 09:35:55,2024-11-05 09:35:55
2260,Basildon and Billericay,basildon-and-billericay,E14001077,388,108102,76993,,2024-11-05 09:35:55,2024-11-05 09:35:55
2261,St Albans,st-albans,E14001507,389,99523,70881,,2024-11-05 09:35:55,2024-11-05 09:35:55
2262,Esher and Walton,esher-and-walton,E14001230,390,102931,73280,,2024-11-05 09:35:55,2024-11-05 09:35:55
2263,Holborn and St Pancras,holborn-and-st-pancras,E14001290,391,106019,75475,,2024-11-05 09:35:55,2024-11-05 09:35:55
2264,Worcester,worcester,E14001597,392,103867,73928,,2024-11-05 09:35:55,2024-11-05 09:35:55
2265,Dundee Central,dundee-central,S14000075,393,105877,75298,,2024-11-05 09:35:55,2024-11-05 09:35:55
2266,Edinburgh South,edinburgh-south,S14000080,394,99877,70980,,2024-11-05 09:35:55,2024-11-05 09:35:55
2267,Milton Keynes North,milton-keynes-north,E14001370,395,99602,70620,,2024-11-05 09:35:55,2024-11-05 09:35:55
2268,Mansfield,mansfield,E14001355,396,105329,74680,,2024-11-05 09:35:55,2024-11-05 09:35:55
2269,Bexleyheath and Crayford,bexleyheath-and-crayford,E14001089,397,98662,69948,,2024-11-05 09:35:55,2024-11-05 09:35:55
2270,Leeds Central and Headingley,leeds-central-and-headingley,E14001319,398,106362,75396,,2024-11-05 09:35:55,2024-11-05 09:35:55
2271,Kingston upon Hull West and Haltemprice,kingston-upon-hull-west-and-haltemprice,E14001315,399,104961,74321,,2024-11-05 09:35:55,2024-11-05 09:35:55
2272,Croydon South,croydon-south,E14001187,400,101037,71541,,2024-11-05 09:35:55,2024-11-05 09:35:55
2273,Spelthorne,spelthorne,E14001505,401,102956,72897,,2024-11-05 09:35:55,2024-11-05 09:35:55
2274,West Tyrone,west-tyrone,N05000018,402,99752,70614,,2024-11-05 09:35:55,2024-11-05 09:35:55
2275,Redditch,redditch,E14001441,403,98809,69921,,2024-11-05 09:35:55,2024-11-05 09:35:55
2276,Pendle and Clitheroe,pendle-and-clitheroe,E14001422,404,108794,76941,,2024-11-05 09:35:55,2024-11-05 09:35:55
2277,Twickenham,twickenham,E14001556,405,107335,75889,,2024-11-05 09:35:55,2024-11-05 09:35:55
2278,Chatham and Aylesford,chatham-and-aylesford,E14001157,406,105856,74840,,2024-11-05 09:35:55,2024-11-05 09:35:55
2279,Nuneaton,nuneaton,E14001413,407,99486,70335,,2024-11-05 09:35:55,2024-11-05 09:35:55
2280,Bristol North East,bristol-north-east,E14001133,408,98750,69793,,2024-11-05 09:35:55,2024-11-05 09:35:55
2281,St Neots and Mid Cambridgeshire,st-neots-and-mid-cambridgeshire,E14001512,409,105702,74699,,2024-11-05 09:35:55,2024-11-05 09:35:55
2282,Birmingham Selly Oak,birmingham-selly-oak,E14001099,410,107994,76285,,2024-11-05 09:35:55,2024-11-05 09:35:55
2283,Sheffield Heeley,sheffield-heeley,E14001469,411,105671,74614,,2024-11-05 09:35:55,2024-11-05 09:35:55
2284,Leigh and Atherton,leigh-and-atherton,E14001329,412,108177,76363,,2024-11-05 09:35:55,2024-11-05 09:35:55
2285,Exeter,exeter,E14001231,413,101696,71713,,2024-11-05 09:35:55,2024-11-05 09:35:55
2286,Maidenhead,maidenhead,E14001348,414,104203,73463,,2024-11-05 09:35:55,2024-11-05 09:35:55
2287,Taunton and Wellington,taunton-and-wellington,E14001540,415,107905,76049,,2024-11-05 09:35:55,2024-11-05 09:35:55
2288,Scunthorpe,scunthorpe,E14001462,416,105451,74278,,2024-11-05 09:35:55,2024-11-05 09:35:55
2289,Stockton North,stockton-north,E14001518,417,99120,69779,,2024-11-05 09:35:55,2024-11-05 09:35:55
2290,Dudley,dudley,E14001204,418,100977,71083,,2024-11-05 09:35:55,2024-11-05 09:35:55
2291,Stevenage,stevenage,E14001516,419,99971,70370,,2024-11-05 09:35:55,2024-11-05 09:35:55
2292,Canterbury,canterbury,E14001151,420,107270,75499,,2024-11-05 09:35:55,2024-11-05 09:35:55
2293,Kingston upon Hull East,kingston-upon-hull-east,E14001313,421,103259,72622,,2024-11-05 09:35:55,2024-11-05 09:35:55
2294,Bristol North West,bristol-north-west,E14001134,422,109198,76783,,2024-11-05 09:35:55,2024-11-05 09:35:55
2295,East Wiltshire,east-wiltshire,E14001217,423,101169,71109,,2024-11-05 09:35:55,2024-11-05 09:35:55
2296,The Wrekin,the-wrekin,E14001543,424,108342,76143,,2024-11-05 09:35:55,2024-11-05 09:35:55
2297,Great Yarmouth,great-yarmouth,E14001256,425,99748,70077,,2024-11-05 09:35:55,2024-11-05 09:35:55
2298,North West Hampshire,north-west-hampshire,E14001403,426,108216,76004,,2024-11-05 09:35:55,2024-11-05 09:35:55
2299,Glasgow North East,glasgow-north-east,S14000086,427,107125,75236,,2024-11-05 09:35:55,2024-11-05 09:35:55
2300,East Thanet,east-thanet,E14001216,428,105074,73790,,2024-11-05 09:35:55,2024-11-05 09:35:55
2301,Lewisham West and East Dulwich,lewisham-west-and-east-dulwich,E14001333,429,99594,69904,,2024-11-05 09:35:55,2024-11-05 09:35:55
2302,Guildford,guildford,E14001258,430,101736,71367,,2024-11-05 09:35:55,2024-11-05 09:35:55
2303,Reigate,reigate,E14001442,431,108567,76139,,2024-11-05 09:35:55,2024-11-05 09:35:55
2304,Basingstoke,basingstoke,E14001078,432,110027,77050,,2024-11-05 09:35:55,2024-11-05 09:35:55
2305,Rochester and Strood,rochester-and-strood,E14001447,433,103042,72155,,2024-11-05 09:35:55,2024-11-05 09:35:55
2306,South West Norfolk,south-west-norfolk,E14001497,434,103550,72496,,2024-11-05 09:35:55,2024-11-05 09:35:55
2307,Didcot and Wantage,didcot-and-wantage,E14001197,435,106215,74356,,2024-11-05 09:35:55,2024-11-05 09:35:55
2308,Huntingdon,huntingdon,E14001298,436,108006,75590,,2024-11-05 09:35:55,2024-11-05 09:35:55
2309,Glasgow East,glasgow-east,S14000084,437,99687,69748,,2024-11-05 09:35:55,2024-11-05 09:35:55
2310,East Londonderry,east-londonderry,N05000006,438,103285,72213,,2024-11-05 09:35:55,2024-11-05 09:35:55
2311,Bury South,bury-south,E14001145,439,106734,74598,,2024-11-05 09:35:55,2024-11-05 09:35:55
2312,Liverpool Walton,liverpool-walton,E14001339,440,101853,71181,,2024-11-05 09:35:55,2024-11-05 09:35:55
2313,Wakefield and Rothwell,wakefield-and-rothwell,E14001560,441,106029,73968,,2024-11-05 09:35:55,2024-11-05 09:35:55
2314,Leeds West and Pudsey,leeds-west-and-pudsey,E14001325,442,100731,70270,,2024-11-05 09:35:55,2024-11-05 09:35:55
2315,Edinburgh North and Leith,edinburgh-north-and-leith,S14000079,443,110079,76770,,2024-11-05 09:35:55,2024-11-05 09:35:55
2316,Buckingham and Bletchley,buckingham-and-bletchley,E14001141,444,105634,73644,,2024-11-05 09:35:55,2024-11-05 09:35:55
2317,Belfast West,belfast-west,N05000004,445,103177,71921,,2024-11-05 09:35:55,2024-11-05 09:35:55
2318,Rochdale,rochdale,E14001446,446,102906,71697,,2024-11-05 09:35:55,2024-11-05 09:35:55
2319,Norwich South,norwich-south,E14001409,447,105228,73301,,2024-11-05 09:35:55,2024-11-05 09:35:55
2320,Rotherham,rotherham,E14001452,448,108214,75345,,2024-11-05 09:35:55,2024-11-05 09:35:55
2321,Derby North,derby-north,E14001193,449,103235,71876,,2024-11-05 09:35:55,2024-11-05 09:35:55
2322,Crewe and Nantwich,crewe-and-nantwich,E14001185,450,109503,76236,,2024-11-05 09:35:55,2024-11-05 09:35:55
2323,Broxbourne,broxbourne,E14001139,451,108394,75454,,2024-11-05 09:35:55,2024-11-05 09:35:55
2324,Stoke-on-Trent North,stoke-on-trent-north,E14001521,452,100315,69821,,2024-11-05 09:35:55,2024-11-05 09:35:55
2325,Bicester and Woodstock,bicester-and-woodstock,E14001090,453,101160,70389,,2024-11-05 09:35:55,2024-11-05 09:35:55
2326,Nottingham South,nottingham-south,E14001412,454,109364,76076,,2024-11-05 09:35:55,2024-11-05 09:35:55
2327,South Holland and The Deepings,south-holland-and-the-deepings,E14001487,455,109481,76139,,2024-11-05 09:35:55,2024-11-05 09:35:55
2328,Runnymede and Weybridge,runnymede-and-weybridge,E14001456,456,106107,73778,,2024-11-05 09:35:55,2024-11-05 09:35:55
2329,Blackpool South,blackpool-south,E14001105,457,109429,76071,,2024-11-05 09:35:55,2024-11-05 09:35:55
2330,Dulwich and West Norwood,dulwich-and-west-norwood,E14001205,458,107099,74314,,2024-11-05 09:35:55,2024-11-05 09:35:55
2331,Halifax,halifax,E14001262,459,107584,74563,,2024-11-05 09:35:55,2024-11-05 09:35:55
2332,Carshalton and Wallington,carshalton-and-wallington,E14001153,460,105014,72755,,2024-11-05 09:35:55,2024-11-05 09:35:55
2333,Newport East,newport-east,W07000104,461,110087,76159,,2024-11-05 09:35:55,2024-11-05 09:35:55
2334,Liverpool Wavertree,liverpool-wavertree,E14001340,462,102745,71076,,2024-11-05 09:35:55,2024-11-05 09:35:55
2335,Hertsmere,hertsmere,E14001284,463,105909,73256,,2024-11-05 09:35:55,2024-11-05 09:35:55
2336,North East Cambridgeshire,north-east-cambridgeshire,E14001390,464,102459,70806,,2024-11-05 09:35:55,2024-11-05 09:35:55
2337,Aylesbury,aylesbury,E14001071,465,109462,75636,,2024-11-05 09:35:55,2024-11-05 09:35:55
2338,Bracknell,bracknell,E14001117,466,101779,70247,,2024-11-05 09:35:55,2024-11-05 09:35:55
2339,Woking,woking,E14001592,467,103944,71737,,2024-11-05 09:35:55,2024-11-05 09:35:55
2340,Bristol East,bristol-east,E14001132,468,110057,75936,,2024-11-05 09:35:55,2024-11-05 09:35:55
2341,Wythenshawe and Sale East,wythenshawe-and-sale-east,E14001602,469,111581,76971,,2024-11-05 09:35:55,2024-11-05 09:35:55
2342,Kettering,kettering,E14001311,470,110600,76163,,2024-11-05 09:35:55,2024-11-05 09:35:55
2343,Burnley,burnley,E14001142,471,109554,75436,,2024-11-05 09:35:55,2024-11-05 09:35:55
2344,Ashford,ashford,E14001069,472,106816,73546,,2024-11-05 09:35:55,2024-11-05 09:35:55
2345,Portsmouth South,portsmouth-south,E14001432,473,107870,74253,,2024-11-05 09:35:55,2024-11-05 09:35:55
2346,Banbury,banbury,E14001072,474,101692,69943,,2024-11-05 09:35:55,2024-11-05 09:35:55
2347,Aberdeen North,aberdeen-north,S14000060,475,111947,76895,,2024-11-05 09:35:55,2024-11-05 09:35:55
2348,Dunstable and Leighton Buzzard,dunstable-and-leighton-buzzard,E14001206,476,107980,74069,,2024-11-05 09:35:55,2024-11-05 09:35:55
2349,Croydon East,croydon-east,E14001186,477,109851,75346,,2024-11-05 09:35:55,2024-11-05 09:35:55
2350,Filton and Bradley Stoke,filton-and-bradley-stoke,E14001237,478,107341,73598,,2024-11-05 09:35:55,2024-11-05 09:35:55
2351,North Antrim,north-antrim,N05000012,479,103832,71165,,2024-11-05 09:35:55,2024-11-05 09:35:55
2352,Nottingham North and Kimberley,nottingham-north-and-kimberley,E14001411,480,108748,74515,,2024-11-05 09:35:55,2024-11-05 09:35:55
2353,Belfast East,belfast-east,N05000001,481,102279,70076,,2024-11-05 09:35:55,2024-11-05 09:35:55
2354,York Central,york-central,E14001604,482,109268,74854,,2024-11-05 09:35:55,2024-11-05 09:35:55
2355,Edinburgh South West,edinburgh-south-west,S14000081,483,107030,73315,,2024-11-05 09:35:55,2024-11-05 09:35:55
2356,Hornsey and Friern Barnet,hornsey-and-friern-barnet,E14001293,484,103101,70565,,2024-11-05 09:35:55,2024-11-05 09:35:55
2357,Coventry North West,coventry-north-west,E14001181,485,107290,73431,,2024-11-05 09:35:55,2024-11-05 09:35:55
2358,Plymouth Sutton and Devonport,plymouth-sutton-and-devonport,E14001427,486,107388,73495,,2024-11-05 09:35:55,2024-11-05 09:35:55
2359,Bournemouth East,bournemouth-east,E14001115,487,106938,73173,,2024-11-05 09:35:55,2024-11-05 09:35:55
2360,Aberdeen South,aberdeen-south,S14000061,488,112074,76560,,2024-11-05 09:35:55,2024-11-05 09:35:55
2361,Hemel Hempstead,hemel-hempstead,E14001278,489,103296,70496,,2024-11-05 09:35:55,2024-11-05 09:35:55
2362,South Down,south-down,N05000015,490,105241,71772,,2024-11-05 09:35:55,2024-11-05 09:35:55
2363,Birmingham Northfield,birmingham-northfield,E14001097,491,107785,73483,,2024-11-05 09:35:55,2024-11-05 09:35:55
2364,Wellingborough and Rushden,wellingborough-and-rushden,E14001571,492,112460,76669,,2024-11-05 09:35:55,2024-11-05 09:35:55
2365,Chingford and Woodford Green,chingford-and-woodford-green,E14001167,493,111005,75677,,2024-11-05 09:35:55,2024-11-05 09:35:55
2366,Gravesham,gravesham,E14001254,494,106900,72866,,2024-11-05 09:35:55,2024-11-05 09:35:55
2367,Lagan Valley,lagan-valley,N05000009,495,112010,76332,,2024-11-05 09:35:55,2024-11-05 09:35:55
2368,Sutton and Cheam,sutton-and-cheam,E14001534,496,104628,71284,,2024-11-05 09:35:55,2024-11-05 09:35:55
2369,Romford,romford,E14001448,497,108262,73730,,2024-11-05 09:35:55,2024-11-05 09:35:55
2370,Sittingbourne and Sheppey,sittingbourne-and-sheppey,E14001474,498,113014,76818,,2024-11-05 09:35:55,2024-11-05 09:35:55
2371,Cardiff South and Penarth,cardiff-south-and-penarth,W07000091,499,106457,72269,,2024-11-05 09:35:55,2024-11-05 09:35:55
2372,Huddersfield,huddersfield,E14001297,500,112040,76044,,2024-11-05 09:35:55,2024-11-05 09:35:55
2373,Swindon North,swindon-north,E14001536,501,106394,72163,,2024-11-05 09:35:55,2024-11-05 09:35:55
2374,Oxford West and Abingdon,oxford-west-and-abingdon,E14001420,502,106263,72004,,2024-11-05 09:35:55,2024-11-05 09:35:55
2375,Vauxhall and Camberwell Green,vauxhall-and-camberwell-green,E14001559,503,103329,69995,,2024-11-05 09:35:55,2024-11-05 09:35:55
2376,Dewsbury and Batley,dewsbury-and-batley,E14001196,504,103777,70226,,2024-11-05 09:35:55,2024-11-05 09:35:55
2377,Wimbledon,wimbledon,E14001586,505,110395,74641,,2024-11-05 09:35:55,2024-11-05 09:35:55
2378,Bolton North East,bolton-north-east,E14001110,506,113917,77020,,2024-11-05 09:35:55,2024-11-05 09:35:55
2379,Telford,telford,E14001541,507,104800,70768,,2024-11-05 09:35:55,2024-11-05 09:35:55
2380,Wycombe,wycombe,E14001600,508,106286,71769,,2024-11-05 09:35:55,2024-11-05 09:35:55
2381,Chipping Barnet,chipping-barnet,E14001169,509,112900,76187,,2024-11-05 09:35:55,2024-11-05 09:35:55
2382,Wolverhampton North East,wolverhampton-north-east,E14001594,510,104529,70449,,2024-11-05 09:35:55,2024-11-05 09:35:55
2383,Islington North,islington-north,E14001305,511,109828,73970,,2024-11-05 09:35:55,2024-11-05 09:35:55
2384,South Antrim,south-antrim,N05000014,512,106441,71646,,2024-11-05 09:35:55,2024-11-05 09:35:55
2385,Richmond Park,richmond-park,E14001445,513,111479,75037,,2024-11-05 09:35:55,2024-11-05 09:35:55
2386,Bournemouth West,bournemouth-west,E14001116,514,107222,72094,,2024-11-05 09:35:55,2024-11-05 09:35:55
2387,Colchester,colchester,E14001176,515,114325,76843,,2024-11-05 09:35:55,2024-11-05 09:35:55
2388,Oldham East and Saddleworth,oldham-east-and-saddleworth,E14001415,516,108607,72997,,2024-11-05 09:35:55,2024-11-05 09:35:55
2389,Maidstone and Malling,maidstone-and-malling,E14001349,517,108776,73084,,2024-11-05 09:35:55,2024-11-05 09:35:55
2390,Eltham and Chislehurst,eltham-and-chislehurst,E14001223,518,110420,74179,,2024-11-05 09:35:55,2024-11-05 09:35:55
2391,Glasgow North,glasgow-north,S14000085,519,109093,73210,,2024-11-05 09:35:55,2024-11-05 09:35:55
2392,Wolverhampton West,wolverhampton-west,E14001596,520,112655,75592,,2024-11-05 09:35:55,2024-11-05 09:35:55
2393,Cardiff East,cardiff-east,W07000089,521,108009,72463,,2024-11-05 09:35:55,2024-11-05 09:35:55
2394,Burton and Uttoxeter,burton-and-uttoxeter,E14001143,522,112531,75460,,2024-11-05 09:35:55,2024-11-05 09:35:55
2395,Windsor,windsor,E14001588,523,110871,74338,,2024-11-05 09:35:55,2024-11-05 09:35:55
2396,Belfast North,belfast-north,N05000002,524,106489,71372,,2024-11-05 09:35:55,2024-11-05 09:35:55
2397,Leeds East,leeds-east,E14001320,525,112581,75330,,2024-11-05 09:35:55,2024-11-05 09:35:55
2398,Newcastle upon Tyne East and Wallsend,newcastle-upon-tyne-east-and-wallsend,E14001378,526,114907,76875,,2024-11-05 09:35:55,2024-11-05 09:35:55
2399,Doncaster Central,doncaster-central,E14001198,527,112140,75007,,2024-11-05 09:35:55,2024-11-05 09:35:55
2400,Hackney South and Shoreditch,hackney-south-and-shoreditch,E14001260,528,112557,75197,,2024-11-05 09:35:55,2024-11-05 09:35:55
2401,Fermanagh and South Tyrone,fermanagh-and-south-tyrone,N05000007,529,111790,74643,,2024-11-05 09:35:55,2024-11-05 09:35:55
2402,Newry and Armagh,newry-and-armagh,N05000011,530,111747,74585,,2024-11-05 09:35:55,2024-11-05 09:35:55
2403,Mid Ulster,mid-ulster,N05000010,531,105230,70094,,2024-11-05 09:35:55,2024-11-05 09:35:55
2404,Edinburgh East and Musselburgh,edinburgh-east-and-musselburgh,S14000078,532,113742,75705,,2024-11-05 09:35:55,2024-11-05 09:35:55
2405,Rugby,rugby,E14001453,533,109407,72603,,2024-11-05 09:35:55,2024-11-05 09:35:55
2406,Earley and Woodley,earley-and-woodley,E14001210,534,105714,70083,,2024-11-05 09:35:55,2024-11-05 09:35:55
2407,"Oldham West, Chadderton and Royton",oldham-west-chadderton-and-royton,E14001416,535,112024,74183,,2024-11-05 09:35:55,2024-11-05 09:35:55
2408,Dartford,dartford,E14001191,536,108841,72048,,2024-11-05 09:35:55,2024-11-05 09:35:55
2409,Harlow,harlow,E14001267,537,111117,73479,,2024-11-05 09:35:55,2024-11-05 09:35:55
2410,Battersea,battersea,E14001081,538,108900,71949,,2024-11-05 09:35:55,2024-11-05 09:35:55
2411,Bermondsey and Old Southwark,bermondsey-and-old-southwark,E14001085,539,107159,70602,,2024-11-05 09:35:55,2024-11-05 09:35:55
2412,Gloucester,gloucester,E14001248,540,116415,76695,,2024-11-05 09:35:55,2024-11-05 09:35:55
2413,Birmingham Edgbaston,birmingham-edgbaston,E14001092,541,108344,71354,,2024-11-05 09:35:55,2024-11-05 09:35:55
2414,Peckham,peckham,E14001421,542,108102,71176,,2024-11-05 09:35:55,2024-11-05 09:35:55
2415,Kingston upon Hull North and Cottingham,kingston-upon-hull-north-and-cottingham,E14001314,543,115500,76039,,2024-11-05 09:35:55,2024-11-05 09:35:55
2416,Corby and East Northamptonshire,corby-and-east-northamptonshire,E14001179,544,116591,76748,,2024-11-05 09:35:55,2024-11-05 09:35:55
2417,Putney,putney,E14001434,545,111320,73041,,2024-11-05 09:35:55,2024-11-05 09:35:55
2418,Southampton Itchen,southampton-itchen,E14001499,546,110063,72150,,2024-11-05 09:35:55,2024-11-05 09:35:55
2419,Welwyn Hatfield,welwyn-hatfield,E14001573,547,113749,74535,,2024-11-05 09:35:55,2024-11-05 09:35:55
2420,Kingston and Surbiton,kingston-and-surbiton,E14001312,548,115117,75410,,2024-11-05 09:35:55,2024-11-05 09:35:55
2421,Islington South and Finsbury,islington-south-and-finsbury,E14001306,549,115956,75905,,2024-11-05 09:35:55,2024-11-05 09:35:55
2422,Ipswich,ipswich,E14001302,550,114821,75117,,2024-11-05 09:35:55,2024-11-05 09:35:55
2423,Aldershot,aldershot,E14001063,551,117431,76765,,2024-11-05 09:35:55,2024-11-05 09:35:55
2424,Gorton and Denton,gorton-and-denton,E14001251,552,113690,74306,,2024-11-05 09:35:55,2024-11-05 09:35:55
2425,Boston and Skegness,boston-and-skegness,E14001114,553,116189,75806,,2024-11-05 09:35:55,2024-11-05 09:35:55
2426,West Bromwich,west-bromwich,E14001574,554,110888,72206,,2024-11-05 09:35:55,2024-11-05 09:35:55
2427,Bradford South,bradford-south,E14001119,555,109262,70890,,2024-11-05 09:35:55,2024-11-05 09:35:55
2428,Hackney North and Stoke Newington,hackney-north-and-stoke-newington,E14001259,556,116268,75401,,2024-11-05 09:35:55,2024-11-05 09:35:55
2429,Northampton South,northampton-south,E14001407,557,110385,71512,,2024-11-05 09:35:55,2024-11-05 09:35:55
2430,Tipton and Wednesbury,tipton-and-wednesbury,E14001547,558,113995,73820,,2024-11-05 09:35:55,2024-11-05 09:35:55
2431,Sheffield Brightside and Hillsborough,sheffield-brightside-and-hillsborough,E14001466,559,110043,71154,,2024-11-05 09:35:55,2024-11-05 09:35:55
2432,Birmingham Hall Green and Moseley,birmingham-hall-green-and-moseley,E14001094,560,117298,75781,,2024-11-05 09:35:55,2024-11-05 09:35:55
2433,West Suffolk,west-suffolk,E14001578,561,118147,76243,,2024-11-05 09:35:55,2024-11-05 09:35:55
2434,Harrow East,harrow-east,E14001270,562,118307,76299,,2024-11-05 09:35:55,2024-11-05 09:35:55
2435,Blackley and Middleton South,blackley-and-middleton-south,E14001103,563,110744,71375,,2024-11-05 09:35:55,2024-11-05 09:35:55
2436,Middlesbrough and Thornaby East,middlesbrough-and-thornaby-east,E14001367,564,111339,71742,,2024-11-05 09:35:55,2024-11-05 09:35:55
2437,North West Cambridgeshire,north-west-cambridgeshire,E14001401,565,114219,73556,,2024-11-05 09:35:55,2024-11-05 09:35:55
2438,Hammersmith and Chiswick,hammersmith-and-chiswick,E14001264,566,116230,74746,,2024-11-05 09:35:55,2024-11-05 09:35:55
2439,Streatham and Croydon North,streatham-and-croydon-north,E14001527,567,118580,76050,,2024-11-05 09:35:55,2024-11-05 09:35:55
2440,Swindon South,swindon-south,E14001537,568,113019,72468,,2024-11-05 09:35:55,2024-11-05 09:35:55
2441,Watford,watford,E14001568,569,110251,70576,,2024-11-05 09:35:55,2024-11-05 09:35:55
2442,Chelsea and Fulham,chelsea-and-fulham,E14001160,570,119522,76481,,2024-11-05 09:35:55,2024-11-05 09:35:55
2443,Manchester Rusholme,manchester-rusholme,E14001353,571,110663,70692,,2024-11-05 09:35:55,2024-11-05 09:35:55
2444,Walsall and Bloxwich,walsall-and-bloxwich,E14001562,572,117315,74866,,2024-11-05 09:35:55,2024-11-05 09:35:55
2445,Bedford,bedford,E14001084,573,109965,70068,,2024-11-05 09:35:55,2024-11-05 09:35:55
2446,Hampstead and Highgate,hampstead-and-highgate,E14001265,574,116879,74222,,2024-11-05 09:35:55,2024-11-05 09:35:55
2447,Uxbridge and South Ruislip,uxbridge-and-south-ruislip,E14001558,575,118332,75042,,2024-11-05 09:35:55,2024-11-05 09:35:55
2448,Birmingham Yardley,birmingham-yardley,E14001100,576,113516,71912,,2024-11-05 09:35:55,2024-11-05 09:35:55
2449,Southampton Test,southampton-test,E14001500,577,110531,69960,,2024-11-05 09:35:55,2024-11-05 09:35:55
2450,Luton North,luton-north,E14001345,578,115757,73266,,2024-11-05 09:35:55,2024-11-05 09:35:55
2451,Wolverhampton South East,wolverhampton-south-east,E14001595,579,119746,75685,,2024-11-05 09:35:55,2024-11-05 09:35:55
2452,Preston,preston,E14001433,580,115485,72946,,2024-11-05 09:35:55,2024-11-05 09:35:55
2453,Lincoln,lincoln,E14001336,581,117371,74128,,2024-11-05 09:35:55,2024-11-05 09:35:55
2454,Birmingham Erdington,birmingham-erdington,E14001093,582,121720,76856,,2024-11-05 09:35:55,2024-11-05 09:35:55
2455,Upper Bann,upper-bann,N05000017,583,122038,76969,,2024-11-05 09:35:55,2024-11-05 09:35:55
2456,Birmingham Hodge Hill and Solihull North,birmingham-hodge-hill-and-solihull-north,E14001095,584,122292,76922,,2024-11-05 09:35:55,2024-11-05 09:35:55
2457,Crawley,crawley,E14001184,585,118493,74446,,2024-11-05 09:35:55,2024-11-05 09:35:55
2458,Blackburn,blackburn,E14001102,586,112410,70586,,2024-11-05 09:35:55,2024-11-05 09:35:55
2459,Lewisham North,lewisham-north,E14001332,587,117124,73504,,2024-11-05 09:35:55,2024-11-05 09:35:55
2460,Ilford North,ilford-north,E14001300,588,119480,74684,,2024-11-05 09:35:55,2024-11-05 09:35:55
2461,Stoke-on-Trent Central,stoke-on-trent-central,E14001520,589,112940,70550,,2024-11-05 09:35:55,2024-11-05 09:35:55
2462,Mitcham and Morden,mitcham-and-morden,E14001371,590,123760,76877,,2024-11-05 09:35:55,2024-11-05 09:35:55
2463,Coventry East,coventry-east,E14001180,591,118282,73389,,2024-11-05 09:35:55,2024-11-05 09:35:55
2464,Smethwick,smethwick,E14001478,592,114897,71195,,2024-11-05 09:35:55,2024-11-05 09:35:55
2465,Nottingham East,nottingham-east,E14001410,593,121914,75327,,2024-11-05 09:35:55,2024-11-05 09:35:55
2466,Dagenham and Rainham,dagenham-and-rainham,E14001189,594,119198,73627,,2024-11-05 09:35:55,2024-11-05 09:35:55
2467,Oxford East,oxford-east,E14001419,595,117459,72371,,2024-11-05 09:35:55,2024-11-05 09:35:55
2468,Manchester Central,manchester-central,E14001352,596,122417,75311,,2024-11-05 09:35:55,2024-11-05 09:35:55
2469,Leicester East,leicester-east,E14001326,597,124657,76465,,2024-11-05 09:35:55,2024-11-05 09:35:55
2470,Bolton South and Walkden,bolton-south-and-walkden,E14001111,598,123536,75716,,2024-11-05 09:35:55,2024-11-05 09:35:55
2471,Reading Central,reading-central,E14001438,599,116335,71283,,2024-11-05 09:35:55,2024-11-05 09:35:55
2472,Lewisham East,lewisham-east,E14001331,600,117191,71706,,2024-11-05 09:35:55,2024-11-05 09:35:55
2473,Harrow West,harrow-west,E14001271,601,121390,74060,,2024-11-05 09:35:55,2024-11-05 09:35:55
2474,Milton Keynes Central,milton-keynes-central,E14001369,602,125816,76708,,2024-11-05 09:35:55,2024-11-05 09:35:55
2475,Cities of London and Westminster,cities-of-london-and-westminster,E14001172,603,119981,73140,,2024-11-05 09:35:55,2024-11-05 09:35:55
2476,Leyton and Wanstead,leyton-and-wanstead,E14001334,604,117245,71330,,2024-11-05 09:35:55,2024-11-05 09:35:55
2477,Derby South,derby-south,E14001194,605,118517,72067,,2024-11-05 09:35:55,2024-11-05 09:35:55
2478,Birmingham Perry Barr,birmingham-perry-barr,E14001098,606,121861,74048,,2024-11-05 09:35:55,2024-11-05 09:35:55
2479,Bethnal Green and Stepney,bethnal-green-and-stepney,E14001086,607,126756,77000,,2024-11-05 09:35:55,2024-11-05 09:35:55
2480,Thurrock,thurrock,E14001546,608,120808,73347,,2024-11-05 09:35:55,2024-11-05 09:35:55
2481,"Queen's Park and Maida Vale",queens-park-and-maida-vale,E14001435,609,123967,75256,,2024-11-05 09:35:55,2024-11-05 09:35:55
2482,Bradford East,bradford-east,E14001118,610,118992,72150,,2024-11-05 09:35:55,2024-11-05 09:35:55
2483,Enfield North,enfield-north,E14001225,611,127376,76824,,2024-11-05 09:35:55,2024-11-05 09:35:55
2484,Belfast South and Mid Down,belfast-south-and-mid-down,N05000003,612,119550,71978,,2024-11-05 13:42:34,2024-11-05 13:42:34
2485,Ealing Southall,ealing-southall,E14001209,613,124902,75085,,2024-11-05 13:42:34,2024-11-05 13:42:34
2486,Leeds South,leeds-south,E14001323,614,124390,74726,,2024-11-05 13:42:34,2024-11-05 13:42:34
2487,Finchley and Golders Green,finchley-and-golders-green,E14001238,615,126128,75761,,2024-11-05 13:42:34,2024-11-05 13:42:34
2488,Salford,salford,E14001459,616,120598,72169,,2024-11-05 13:42:34,2024-11-05 13:42:34
2489,Leicester South,leicester-south,E14001327,617,118802,71007,,2024-11-05 13:42:34,2024-11-05 13:42:34
2490,Liverpool Riverside,liverpool-riverside,E14001338,618,117738,70157,,2024-11-05 13:42:34,2024-11-05 13:42:34
2491,Greenwich and Woolwich,greenwich-and-woolwich,E14001257,619,117455,69824,,2024-11-05 13:42:34,2024-11-05 13:42:34
2492,Brentford and Isleworth,brentford-and-isleworth,E14001124,620,128727,76354,,2024-11-05 13:42:34,2024-11-05 13:42:34
2493,Edmonton and Winchmore Hill,edmonton-and-winchmore-hill,E14001221,621,126808,75204,,2024-11-05 13:42:34,2024-11-05 13:42:34
2494,Coventry South,coventry-south,E14001182,622,119750,70998,,2024-11-05 13:42:34,2024-11-05 13:42:34
2495,Southgate and Wood Green,southgate-and-wood-green,E14001503,623,128474,76034,,2024-11-05 13:42:34,2024-11-05 13:42:34
2496,Northampton North,northampton-north,E14001406,624,128267,75713,,2024-11-05 13:42:34,2024-11-05 13:42:34
2497,Bradford West,bradford-west,E14001120,625,121355,71258,,2024-11-05 13:42:34,2024-11-05 13:42:34
2498,Newcastle upon Tyne Central and West,newcastle-upon-tyne-central-and-west,E14001377,626,130745,76460,,2024-11-05 13:42:34,2024-11-05 13:42:34
2499,Cambridge,cambridge,E14001149,627,124084,72560,,2024-11-05 13:42:34,2024-11-05 13:42:34
2500,Leicester West,leicester-west,E14001328,628,125114,72848,,2024-11-05 13:42:34,2024-11-05 13:42:34
2501,Walthamstow,walthamstow,E14001563,629,122417,70867,,2024-11-05 13:42:34,2024-11-05 13:42:34
2502,Stratford and Bow,stratford-and-bow,E14001525,630,127715,73849,,2024-11-05 13:42:34,2024-11-05 13:42:34
2503,Croydon West,croydon-west,E14001188,631,122503,70812,,2024-11-05 13:42:34,2024-11-05 13:42:34
2504,Hayes and Harlington,hayes-and-harlington,E14001276,632,126402,72897,,2024-11-05 13:42:34,2024-11-05 13:42:34
2505,Brent West,brent-west,E14001123,633,133671,76463,,2024-11-05 13:42:34,2024-11-05 13:42:34
2506,Kensington and Bayswater,kensington-and-bayswater,E14001310,634,132865,75980,,2024-11-05 13:42:34,2024-11-05 13:42:34
2507,Ealing North,ealing-north,E14001208,635,127756,72985,,2024-11-05 13:42:34,2024-11-05 13:42:34
2508,Ealing Central and Acton,ealing-central-and-acton,E14001207,636,132426,75399,,2024-11-05 13:42:34,2024-11-05 13:42:34
2509,Erith and Thamesmead,erith-and-thamesmead,E14001229,637,134969,76728,,2024-11-05 13:42:34,2024-11-05 13:42:34
2510,Luton South and South Bedfordshire,luton-south-and-south-bedfordshire,E14001346,638,123500,70197,,2024-11-05 13:42:34,2024-11-05 13:42:34
2511,Ilford South,ilford-south,E14001301,639,130666,74065,,2024-11-05 13:42:34,2024-11-05 13:42:34
2512,Feltham and Heston,feltham-and-heston,E14001236,640,133153,75226,,2024-11-05 13:42:34,2024-11-05 13:42:34
2513,Brent East,brent-east,E14001122,641,134510,75880,,2024-11-05 13:42:34,2024-11-05 13:42:34
2514,Tottenham,tottenham,E14001553,642,136277,75968,,2024-11-05 13:42:34,2024-11-05 13:42:34
2515,Peterborough,peterborough,E14001425,643,129664,72273,,2024-11-05 13:42:34,2024-11-05 13:42:34
2516,Slough,slough,E14001477,644,137544,75287,,2024-11-05 13:42:34,2024-11-05 13:42:34
2517,Poplar and Limehouse,poplar-and-limehouse,E14001430,645,138611,75814,,2024-11-05 13:42:34,2024-11-05 13:42:34
2518,Hendon,hendon,E14001279,646,130868,71496,,2024-11-05 13:42:34,2024-11-05 13:42:34
2519,East Ham,east-ham,E14001213,647,131034,70902,,2024-11-05 13:42:34,2024-11-05 13:42:34
2520,Barking,barking,E14001073,648,133816,71822,,2024-11-05 13:42:34,2024-11-05 13:42:34
2521,West Ham and Beckton,west-ham-and-beckton,E14001576,649,137226,70590,,2024-11-05 13:42:34,2024-11-05 13:42:34
2522,Birmingham Ladywood,birmingham-ladywood,E14001096,650,151867,76585,,2024-11-05 13:42:34,2024-11-05 13:42:34