PARL25,LAD23,overlap_area,original_area,percentage_overlap_area,percentage_overlap_pop,overlap_pop,original_pop,__index_level_0__
UKPARL.2025.AAD,W06000005,184991335.3,190198023.6,0.97,1,103234,103234,585
UKPARL.2025.AAG,S12000005,100029285.3,175029745.8,0.57,0.5,47489.34,94044.06,357
UKPARL.2025.AAG,S12000014,67956574.14,175029745.8,0.39,0.5,46554.71,94044.06,235
UKPARL.2025.AAS,S12000050,238262884.3,238262975.7,1,1,92871.03,92871.03,841
UKPARL.2025.ABF,S12000041,393944634.9,416597744,0.95,0.57,57066.95,100640.42,551
UKPARL.2025.ABF,S12000042,19405381.67,416597744,0.05,0.43,43573.47,100640.42,21
UKPARL.2025.ABH,E08000030,53229748.02,53229773.67,1,1,93555.46,93555.46,827
UKPARL.2025.ABL,S12000017,2107503481,9291811263,0.23,0.05,4943.33,90813.33,143
UKPARL.2025.ABL,S12000035,7005252019,9291811263,0.75,0.95,85853.59,90813.33,443
UKPARL.2025.ABM,S12000020,358063359.3,1341001779,0.27,0.25,24560.67,97532.12,166
UKPARL.2025.ABM,S12000034,973105105.7,1341001779,0.73,0.75,72971.46,97532.12,427
UKPARL.2025.ABN,S12000033,99340586.09,99783540.23,1,1,112881.16,112881.16,670
UKPARL.2025.ABS,S12000033,86225053.15,87983939.08,0.98,1,115788.84,115788.84,605
UKPARL.2025.ABV,E07000032,124843017.5,124843097.1,1,1,91906.73,91906.73,800
UKPARL.2025.ACC,S12000008,568519303.1,1633694211,0.35,0.27,24743.45,91141.99,219
UKPARL.2025.ACC,S12000028,1060142942,1633694211,0.65,0.73,66398.54,91141.99,390
UKPARL.2025.AFM,W06000012,181166440.1,245067069.7,0.74,0.62,59001,94958,434
UKPARL.2025.AFM,W06000013,60513205.33,245067069.7,0.25,0.38,35957,94958,156
UKPARL.2025.AHT,E07000089,18046052.52,57091103.89,0.32,0.15,16455.77,111054.77,194
UKPARL.2025.AHT,E07000092,39044998.38,57091103.89,0.68,0.85,94599,111054.77,413
UKPARL.2025.APG,S12000041,1791003736,5525892962,0.32,0.59,59133.05,99584.7,204
UKPARL.2025.APG,S12000048,3728834218,5525892962,0.67,0.41,40451.65,99584.7,402
UKPARL.2025.ASD,E07000224,102564106.5,835664927.2,0.12,0.18,16969.33,95751.29,72
UKPARL.2025.ASD,E07000225,512739671.8,835664927.2,0.61,0.38,36128.96,95751.29,378
UKPARL.2025.ASD,E07000227,219108904.6,835664927.2,0.26,0.45,42653,95751.29,164
UKPARL.2025.ASF,E07000170,93403523.7,99255392.61,0.94,0.96,92254,96138.51,545
UKPARL.2025.ASF,E07000174,5851817.07,99255392.61,0.06,0.04,3884.51,96138.51,34
UKPARL.2025.ASH,E07000105,100793325.8,226225967.3,0.45,0.82,86155.31,104910.34,273
UKPARL.2025.ASH,E07000112,125432621.5,226225967.3,0.55,0.18,18755.03,104910.34,343
UKPARL.2025.ASW,E08000009,50930477.08,50930495.62,1,1,101863.02,101863.02,845
UKPARL.2025.AUL,E08000008,29140351.88,29140403.29,1,1,98261.1,98261.1,764
UKPARL.2025.AYS,E06000060,196521885.4,196521987.1,1,1,112533.39,112533.39,820
UKPARL.2025.BAA,E06000057,85653670.05,88375414.65,0.97,1,102080.39,102080.39,582
UKPARL.2025.BAB,E07000066,61874358.76,61874361.76,1,1,107557,107557,924
UKPARL.2025.BAC,E06000047,55403328.43,113543712.5,0.49,0.51,47037,91804.35,302
UKPARL.2025.BAC,E08000037,57693772.72,113543712.5,0.51,0.49,44767.35,91804.35,310
UKPARL.2025.BAF,E07000144,522490636.4,720758490.3,0.72,0.83,77198,92833.62,426
UKPARL.2025.BAF,E07000147,197207092.7,720758490.3,0.27,0.17,15635.62,92833.62,171
UKPARL.2025.BAI,E09000018,21165599.45,23008512.85,0.92,0.91,110340.13,120876.56,531
UKPARL.2025.BAI,E09000027,1696033.76,23008512.85,0.07,0.09,10536.43,120876.56,45
UKPARL.2025.BAL,S12000014,27275592.53,214495029.9,0.13,0.16,15397.05,96205.22,75
UKPARL.2025.BAL,S12000040,184785615.4,214495029.9,0.86,0.84,80808.17,96205.22,500
UKPARL.2025.BAN,E07000177,280757681.6,512606812.6,0.55,0.8,75946.27,94990.27,335
UKPARL.2025.BAN,E07000181,231849037.5,512606812.6,0.45,0.2,19044,94990.27,279
UKPARL.2025.BAO,E07000068,153124025.3,316214982.5,0.48,0.79,77021,96902.3,301
UKPARL.2025.BAO,E07000072,163090908.3,316214982.5,0.52,0.21,19881.3,96902.3,311
UKPARL.2025.BAP,E09000006,22860419.24,22870504.22,1,1,110169,110169,709
UKPARL.2025.BAS,E07000136,362618111.9,817689000.7,0.44,0.61,70173,114991.66,272
UKPARL.2025.BAS,E07000137,449812212.4,817689000.7,0.55,0.39,44818.66,114991.66,339
UKPARL.2025.BAT,E09000032,9213691.25,9290721.2,0.99,1,109880.3,109880.3,649
UKPARL.2025.BAU,E07000193,243376329.6,243376410.5,1,1,108508,108508,853
UKPARL.2025.BBH,E09000006,46503968.94,46510944,1,1,96534.76,96534.76,720
UKPARL.2025.BBN,E06000008,39593737.02,39593742.87,1,1,108260.78,108260.78,904
UKPARL.2025.BCF,E06000060,165598356.4,165598413.3,1,1,94604.53,94604.53,850
UKPARL.2025.BDE,E08000032,27587564.53,27587581.56,1,1,120493.55,120493.55,804
UKPARL.2025.BDS,E08000032,44127961.21,44127991.4,1,1,108556.04,108556.04,796
UKPARL.2025.BDW,E08000032,35244544.53,35244544.89,1,1,117072.24,117072.24,933
UKPARL.2025.BEA,E09000005,18237810.44,18237825.37,1,1,133269.93,133269.93,788
UKPARL.2025.BEB,E08000025,29581948.79,29581950.4,1,1,114160.55,114160.55,922
UKPARL.2025.BED,E06000055,29597057.88,29597057.88,1,1,105968.48,105968.48,936
UKPARL.2025.BER,E08000025,25173042.56,25173042.56,1,1,120557.93,120557.93,934
UKPARL.2025.BES,E07000203,129683455.8,402472422.7,0.32,0.39,40218.23,102192.23,199
UKPARL.2025.BES,E07000245,272788937.9,402472422.7,0.68,0.61,61974,102192.23,406
UKPARL.2025.BEV,E06000011,708537601.5,744393755.6,0.95,1,89947,89947,562
UKPARL.2025.BEX,E07000064,401074822.9,466895438.7,0.86,0.89,81096.39,90921.42,498
UKPARL.2025.BEX,E07000065,65216598.97,466895438.7,0.14,0.11,9825.03,90921.42,81
UKPARL.2025.BGA,W06000002,138846242.9,1410009262,0.1,0.28,27775,97484,62
UKPARL.2025.BGA,W06000003,1074536892,1410009262,0.76,0.68,66131,97484,444
UKPARL.2025.BGA,W06000004,184620799.3,1410009262,0.13,0.04,3578,97484,77
UKPARL.2025.BGN,W06000013,120898413,122100053.1,0.99,1,95136,95136,641
UKPARL.2025.BGR,W06000018,57994058.86,166722106.3,0.35,0.29,28449,98311,218
UKPARL.2025.BGR,W06000019,108728028.7,166722106.3,0.65,0.71,69862,98311,393
UKPARL.2025.BGS,E09000030,6815555.98,6815573.72,1,1,135918.51,135918.51,755
UKPARL.2025.BHE,E06000058,25402564.42,26108925.79,0.97,1,106356.68,106356.68,587
UKPARL.2025.BHG,E08000025,19347216.89,19347219.36,1,1,112704.52,112704.52,909
UKPARL.2025.BHW,E06000058,26417913.25,26417931.37,1,1,105024.27,105024.27,795
UKPARL.2025.BIA,E06000047,1335585018,1335607989,1,1,92878.56,92878.56,741
UKPARL.2025.BIM,E06000012,158210316.7,493274007.1,0.32,0.54,48752,89961,198
UKPARL.2025.BIM,E06000013,332123949.7,493274007.1,0.67,0.46,41209,89961,401
UKPARL.2025.BKG,E09000002,19142949.17,19576292.51,0.98,1,130085,130085,592
UKPARL.2025.BKH,E08000015,32411887.74,32614783.06,0.99,1,106461.6,106461.6,660
UKPARL.2025.BKP,E06000043,30037196.92,40805606.94,0.74,0.76,74969.87,98340.87,432
UKPARL.2025.BKP,E07000063,9906704.27,40805606.94,0.24,0.24,23371,98340.87,154
UKPARL.2025.BLA,E08000025,25683054.84,25683055.45,1,1,157573.55,157573.55,929
UKPARL.2025.BLN,E08000001,41101421.71,41101432.03,1,1,111414.15,111414.15,871
UKPARL.2025.BLS,E08000001,21173845.89,33480867.64,0.63,0.68,80536.52,118620.7,385
UKPARL.2025.BLS,E08000006,12307009.17,33480867.64,0.37,0.32,38084.18,118620.7,227
UKPARL.2025.BLW,E08000001,77516726.7,77516764.06,1,1,95599.33,95599.33,826
UKPARL.2025.BMS,E08000003,22025712.44,28684618.36,0.77,0.81,86378.18,106718.91,449
UKPARL.2025.BMS,E08000005,6658870.08,28684618.36,0.23,0.19,20340.73,106718.91,145
UKPARL.2025.BNE,E06000023,13385033.88,21457446.23,0.62,0.56,54307,96918.72,380
UKPARL.2025.BNE,E06000025,8072412.34,21457446.23,0.38,0.44,42611.72,96918.72,230
UKPARL.2025.BNF,E08000025,24923274.79,24923293.56,1,1,105658.77,105658.77,791
UKPARL.2025.BNN,E08000016,75133380.59,75133398.33,1,1,106720.16,106720.16,879
UKPARL.2025.BNS,E08000016,75647707.47,75647726.27,1,1,104620.31,104620.31,872
UKPARL.2025.BNW,E06000023,41283088.39,43555554.95,0.95,1,104669.56,104669.56,556
UKPARL.2025.BOL,E07000033,160334576.6,228313585.7,0.7,0.8,80562,100766.07,421
UKPARL.2025.BOL,E07000038,67978904.44,228313585.7,0.3,0.2,20204.07,100766.07,181
UKPARL.2025.BOS,E09000028,8300268.62,8454629.58,0.98,1,114957.26,115000.68,610
UKPARL.2025.BPB,E08000025,24707203.06,24707209.62,1,1,121492.79,121492.79,867
UKPARL.2025.BPN,E06000009,8696519.76,34790815.73,0.25,0.33,31963,96360.68,158
UKPARL.2025.BPN,E07000128,25418222.74,34790815.73,0.73,0.67,64397.68,96360.68,431
UKPARL.2025.BPS,E06000009,26151375.49,26283565.63,0.99,1,107483,107483,665
UKPARL.2025.BPV,E06000043,28830426.75,28845858.66,1,1,111914.13,111914.13,705
UKPARL.2025.BRC,W06000012,84271831.83,3098226600,0.03,0.25,22748,91919,9
UKPARL.2025.BRC,W06000023,3013954510,3098226600,0.97,0.75,69171,91919,586
UKPARL.2025.BRD,E06000011,946931715,950190564.8,1,1,92550.81,92550.81,676
UKPARL.2025.BRG,E07000234,216968370.6,216968481.4,1,1,99881,99881,821
UKPARL.2025.BRK,E06000036,46959940.95,46959949.49,1,1,100937.82,100937.82,893
UKPARL.2025.BRL,E07000224,45990312.15,46653913.45,0.99,1,105999.71,105999.71,617
UKPARL.2025.BRS,S12000026,3838402293,3841608330,1,1,95273.88,95273.88,700
UKPARL.2025.BRW,E06000063,304784853.9,621797079.3,0.49,0.1,10115,96898,303
UKPARL.2025.BRW,E06000064,281304668.4,621797079.3,0.45,0.9,86783,96898,280
UKPARL.2025.BSC,E06000023,10783194.91,10928780.34,0.99,1,97124.03,97124.03,621
UKPARL.2025.BSE,E06000023,21925863.28,22015108.38,1,1,106934.06,106934.06,672
UKPARL.2025.BSK,E07000084,78610200.7,78610200.7,1,1,104612.94,104612.94,942
UKPARL.2025.BSL,E07000171,398083603.1,398509564.1,1,1,103806,103806,697
UKPARL.2025.BSN,E08000025,19229821.09,24667843.91,0.78,0.8,96538.47,120797.97,455
UKPARL.2025.BSN,E08000029,5438021.48,24667843.91,0.22,0.2,24259.5,120797.97,137
UKPARL.2025.BSO,E08000025,21665144.74,21665152.7,1,1,108531.66,108531.66,844
UKPARL.2025.BSS,E06000023,22281714.33,22366102.78,1,1,100342.35,100342.35,674
UKPARL.2025.BTE,N09000003,32475837.02,55547555.57,0.58,0.83,85502.14,103452.14,364
UKPARL.2025.BTE,N09000007,22454373.25,55547555.57,0.4,0.17,17950,103452.14,247
UKPARL.2025.BTE,N09000011,591949.86,55547555.57,0.01,0,0,0,0
UKPARL.2025.BTH,E06000022,73485503.18,73485521.43,1,1,104604.83,104604.83,873
UKPARL.2025.BTL,E08000014,25683272,25755854.82,1,1,100478.56,100478.56,680
UKPARL.2025.BTN,N09000001,16942261.85,54183674.05,0.31,0.32,33518.13,104239.63,192
UKPARL.2025.BTN,N09000003,36987733.7,54183674.05,0.68,0.68,70721.5,104239.63,410
UKPARL.2025.BTR,E07000067,415921836.5,516702830.2,0.8,0.93,95887.7,102604.5,471
UKPARL.2025.BTR,E07000077,100780963.8,516702830.2,0.2,0.07,6716.8,102604.5,116
UKPARL.2025.BTS,N09000003,28794367.44,118827058.9,0.24,0.72,83347.08,116074.25,153
UKPARL.2025.BTS,N09000007,74349251.3,118827058.9,0.63,0.25,28755.92,116074.25,381
UKPARL.2025.BTS,N09000010,15076881.76,118827058.9,0.13,0.03,3971.25,116074.25,74
UKPARL.2025.BTW,N09000003,35754159.37,39157379.03,0.91,0.96,99572.64,104022.64,526
UKPARL.2025.BTW,N09000007,3403106.81,39157379.03,0.09,0.04,4450,104022.64,55
UKPARL.2025.BUC,E06000042,21489313.02,396244593.2,0.05,0.57,58753.84,102874.68,29
UKPARL.2025.BUC,E06000060,374755240.8,396244593.2,0.95,0.43,44120.84,102874.68,552
UKPARL.2025.BUN,E08000002,58081376.79,58081402.08,1,1,100915.8,100915.8,835
UKPARL.2025.BUR,E07000117,110683937.3,119581085,0.93,0.87,88920,102737.42,535
UKPARL.2025.BUR,E07000122,8897116.83,119581085,0.07,0.13,13817.42,102737.42,46
UKPARL.2025.BUS,E08000002,41378686.28,44665260.13,0.93,0.86,90074.2,105076.26,537
UKPARL.2025.BUS,E08000006,3286541.8,44665260.13,0.07,0.14,15002.06,105076.26,44
UKPARL.2025.BWE,E09000005,18706903.95,18706913.69,1,1,124179.31,124179.31,819
UKPARL.2025.BWS,E07000177,307982366.4,448846395.3,0.69,0.78,74556.73,95380.73,415
UKPARL.2025.BWS,E07000181,140862961.8,448846395.3,0.31,0.22,20824,95380.73,193
UKPARL.2025.BWT,E06000066,296052600.9,310052725.8,0.95,1,96378.71,96378.71,566
UKPARL.2025.BXB,E07000095,51442316.78,86646841.53,0.59,0.91,97279,106852,368
UKPARL.2025.BXB,E07000242,35204501.63,86646841.53,0.41,0.09,9573,106852,248
UKPARL.2025.BXC,E09000004,21956452.17,22124802.22,0.99,1,99655.1,99655.1,650
UKPARL.2025.BXT,E07000172,60726102.41,60726151.29,1,1,97288.57,97288.57,789
UKPARL.2025.BYA,E08000025,19829190.35,19829249.36,1,1,110735.58,110735.58,752
UKPARL.2025.CAA,E06000060,145396182.7,145396204,1,1,98136.47,98136.47,905
UKPARL.2025.CAB,S12000050,68815191.25,68816033.62,1,1,97268.54,97268.54,743
UKPARL.2025.CAE,W06000018,140548668.4,140548715.3,1,1,99098.09,99098.09,852
UKPARL.2025.CAF,E09000013,6449110.33,9483534.13,0.68,0.69,87743.79,127046.69,408
UKPARL.2025.CAF,E09000020,2888316.25,9483534.13,0.3,0.31,39302.9,127046.69,187
UKPARL.2025.CAN,W06000010,2019168442,2028861352,1,1,94266,94266,669
UKPARL.2025.CAR,E06000063,898877711.3,906473461.7,0.99,1,100165.44,100165.44,647
UKPARL.2025.CAV,E08000033,302467640.6,302467696.4,1,1,101303.75,101303.75,892
UKPARL.2025.CAW,E09000029,25572959.31,25573077.94,1,1,103484.45,103484.45,748
UKPARL.2025.CAY,S12000021,68334883.33,235710719.6,0.29,0.48,42173.89,88385.35,174
UKPARL.2025.CAY,S12000028,164175272.5,235710719.6,0.7,0.52,46211.46,88385.35,416
UKPARL.2025.CBG,E07000008,32348255.27,32348295.04,1,1,107659.75,107659.75,773
UKPARL.2025.CBH,E09000022,7608509.98,7610883.98,1,1,105958,105958,715
UKPARL.2025.CCH,E07000224,16875087,303393275.3,0.06,0.15,15105.57,100105.6,30
UKPARL.2025.CCH,E07000225,273220164.1,303393275.3,0.9,0.85,85000.04,100105.6,517
UKPARL.2025.CDL,E08000007,39372041.64,39372059.76,1,1,94532.61,94532.61,831
UKPARL.2025.CDP,W06000008,1788338781,2460503353,0.73,0.76,72695,95620,428
UKPARL.2025.CDP,W06000009,658235493.5,2460503353,0.27,0.24,22925,95620,167
UKPARL.2025.CDV,E07000042,470089594.2,1374177654,0.34,0.32,29093,92169.16,213
UKPARL.2025.CDV,E07000045,476844216.8,1374177654,0.35,0.45,41313.24,92169.16,216
UKPARL.2025.CDV,E07000047,426588341.8,1374177654,0.31,0.24,21762.93,92169.16,190
UKPARL.2025.CEA,E08000026,28770367.48,28770386.7,1,1,122568.31,122568.31,797
UKPARL.2025.CFE,W06000015,29098037.61,29388943.19,0.99,1,109337.94,109337.94,640
UKPARL.2025.CFN,W06000015,42715173.91,49454386.17,0.86,0.96,91381.06,95192.06,502
UKPARL.2025.CFN,W06000016,6739198.98,49454386.17,0.14,0.04,3811,95192.06,80
UKPARL.2025.CFP,W06000014,35633927.18,56507900.44,0.63,0.35,38070,110080,383
UKPARL.2025.CFP,W06000015,18444753.64,56507900.44,0.33,0.65,72010,110080,205
UKPARL.2025.CFW,W06000015,50971304.11,62863983.63,0.81,0.93,94174,101619.7,475
UKPARL.2025.CFW,W06000016,11892652.79,62863983.63,0.19,0.07,7445.7,101619.7,112
UKPARL.2025.CHD,E07000034,47356739.14,47356762.18,1,1,94524,94524,825
UKPARL.2025.CHM,E07000070,33437199.96,33437199.96,1,1,106524,106524,935
UKPARL.2025.CHN,E06000050,112940608,113510387,0.99,1,92395.17,92395.17,666
UKPARL.2025.CHR,E06000058,50412585.11,114434308.1,0.44,0.57,50280,88884.17,267
UKPARL.2025.CHR,E06000059,62836906.56,114434308.1,0.55,0.43,38604.17,88884.17,337
UKPARL.2025.CHS,E06000049,332046493.2,754920726.2,0.44,0.23,20395.15,87097.36,265
UKPARL.2025.CHS,E06000050,422762941.5,754920726.2,0.56,0.77,66702.22,87097.36,349
UKPARL.2025.CKC,E07000192,78882540.32,78882570.62,1,1,100762,100762,840
UKPARL.2025.CKH,S12000045,20762172.61,141906707.9,0.15,0.15,13745.85,90716.8,86
UKPARL.2025.CKH,S12000050,121143247.6,141906707.9,0.85,0.85,76970.96,90716.8,496
UKPARL.2025.CKY,S12000047,147832895.3,150662348.1,0.98,1,94124.53,94124.53,608
UKPARL.2025.CLE,W06000004,386296284.1,649220208.5,0.6,0.43,40964,95843,369
UKPARL.2025.CLE,W06000005,254436703.9,649220208.5,0.39,0.55,52866,95843,237
UKPARL.2025.CLN,W06000003,55595536.12,162402463,0.34,0.52,51045.63,98659,215
UKPARL.2025.CLN,W06000004,105613669.1,162402463,0.65,0.48,47587,98659,391
UKPARL.2025.CLT,E07000076,199945607.7,212005727.1,0.94,1,97734.14,97734.14,547
UKPARL.2025.CLW,E09000001,2889064.67,18944566.68,0.15,0.06,9717.42,162640.68,89
UKPARL.2025.CLW,E09000033,15709677.62,18944566.68,0.83,0.94,152914.59,162640.68,485
UKPARL.2025.CNG,E06000049,211457994.8,211458027.1,1,1,83906.84,83906.84,902
UKPARL.2025.CNM,E07000078,35292071.38,35292100.42,1,1,98893,98893,787
UKPARL.2025.CNW,E08000026,38524190.31,38524210.51,1,1,113597.36,113597.36,816
UKPARL.2025.COL,E07000071,42215502.9,42249205.92,1,1,115406.02,115406.02,701
UKPARL.2025.COR,E06000061,521845028.2,521845114.2,1,1,112562.08,112562.08,899
UKPARL.2025.COV,E08000034,172279590.8,172279611.8,1,1,91851.87,91851.87,910
UKPARL.2025.CPB,E09000003,40206560.1,40206569.5,1,1,113835.68,113835.68,880
UKPARL.2025.CPM,E06000054,273355312.6,273355329.2,1,1,93958.99,93958.99,920
UKPARL.2025.CPT,E07000066,12988399.65,60209568.72,0.22,0.02,2150.95,92526.95,134
UKPARL.2025.CPT,E07000069,44671190.18,60209568.72,0.74,0.98,90376,92526.95,435
UKPARL.2025.CRA,E07000226,44971186.26,44971205.03,1,1,112409,112409,838
UKPARL.2025.CRE,E09000008,26426476.35,26434494.75,1,1,109157.83,109157.83,716
UKPARL.2025.CRK,E06000057,51436494.94,98638961.06,0.52,0.48,45316.61,94085.37,314
UKPARL.2025.CRK,E08000021,17379209.45,98638961.06,0.18,0.04,3847.12,94085.37,104
UKPARL.2025.CRK,E08000022,29596305.63,98638961.06,0.3,0.48,44921.65,94085.37,184
UKPARL.2025.CRL,E07000118,136708604.9,136708641.3,1,1,101105.14,101105.14,866
UKPARL.2025.CRR,E06000052,270594148.1,274250637.8,0.99,1,97158.71,97158.71,620
UKPARL.2025.CRS,E09000008,37665289.46,37667531.03,1,1,99214.66,99214.66,731
UKPARL.2025.CRW,E09000008,14474608.25,14478760.17,1,1,119826.89,119826.89,717
UKPARL.2025.CSI,E07000202,7994864.49,548414110.6,0.01,0.25,23733,94315.81,4
UKPARL.2025.CSI,E07000203,252827717.3,548414110.6,0.46,0.3,27987.63,94315.81,287
UKPARL.2025.CSI,E07000244,287591522,548414110.6,0.52,0.45,42595.19,94315.81,316
UKPARL.2025.CSO,E08000026,31344448.49,31344462.73,1,1,135355.33,135355.33,832
UKPARL.2025.CSR,S12000017,11628549897,11756911738,0.99,1,96494.47,96494.47,634
UKPARL.2025.CTB,E07000106,234548663.5,235038331.8,1,1,114648.02,114648.02,688
UKPARL.2025.CTM,E06000035,18221350.49,56260821.52,0.32,0.71,75534,106408,203
UKPARL.2025.CTM,E07000115,37288882.83,56260821.52,0.66,0.29,30874,106408,398
UKPARL.2025.CWG,E09000026,8263579.58,22751075.69,0.36,0.35,37772.48,108958.48,225
UKPARL.2025.CWG,E09000031,14485233.17,22751075.69,0.64,0.65,71186,108958.48,388
UKPARL.2025.CWN,E06000049,89930095.48,89930099.64,1,1,107158.01,107158.01,925
UKPARL.2025.DAB,E08000034,54261487.26,54261500.65,1,1,103859.56,103859.56,875
UKPARL.2025.DAD,E07000108,219344369.8,220093343.9,1,1,104491.63,104491.63,677
UKPARL.2025.DAE,E07000238,401492555.7,401492640,1,1,99693,99693,883
UKPARL.2025.DAG,S12000006,3918314995,3997506063,0.98,1,98043.59,98043.59,606
UKPARL.2025.DAH,E07000210,234198285.5,280548651.6,0.83,0.66,60474,91780.57,489
UKPARL.2025.DAH,E07000211,29986553.96,280548651.6,0.11,0.32,29046.57,91780.57,65
UKPARL.2025.DAH,E07000216,16363759.63,280548651.6,0.06,0.02,2260,91780.57,33
UKPARL.2025.DAR,E09000002,13571687.78,39692600.5,0.34,0.62,71397,116043.04,212
UKPARL.2025.DAR,E09000016,25815305.01,39692600.5,0.65,0.38,44646.04,116043.04,392
UKPARL.2025.DAV,E06000061,73872416.46,780660017.3,0.09,0.12,12140.8,100023.26,59
UKPARL.2025.DAV,E06000062,706787487.3,780660017.3,0.91,0.88,87882.46,100023.26,520
UKPARL.2025.DAW,E07000179,129716404.9,402343311.7,0.32,0.51,50172.32,98576.77,200
UKPARL.2025.DAW,E07000180,272626857.8,402343311.7,0.68,0.49,48404.45,98576.77,405
UKPARL.2025.DCT,S12000006,2518191903,4422214443,0.57,0.58,50816.41,88182.13,356
UKPARL.2025.DCT,S12000026,900757422.2,4422214443,0.2,0.23,20236.12,88182.13,128
UKPARL.2025.DCT,S12000029,999364082.5,4422214443,0.23,0.19,17129.6,88182.13,142
UKPARL.2025.DED,E07000032,65159849.51,907684687.6,0.07,0.06,5240,90890.25,42
UKPARL.2025.DED,E07000035,795317860.7,907684687.6,0.88,0.8,72325,90890.25,505
UKPARL.2025.DED,E07000039,47206859.86,907684687.6,0.05,0.15,13325.25,90890.25,26
UKPARL.2025.DEN,E06000015,29508333.08,29508336.6,1,1,102132,102132,912
UKPARL.2025.DES,E06000015,31220625.81,31220664.35,1,1,117075,117075,772
UKPARL.2025.DFD,E07000107,61810631.48,62330216.96,0.99,1,104923.63,104923.63,648
UKPARL.2025.DFR,S12000005,58758878.44,273880602.6,0.21,0.04,4050.66,94626.17,133
UKPARL.2025.DFR,S12000047,209441023.8,273880602.6,0.76,0.96,90575.51,94626.17,446
UKPARL.2025.DHM,E06000047,215549555.1,215549585.8,1,1,106640.33,106640.33,906
UKPARL.2025.DLB,E06000056,78564981.27,78564997.14,1,1,107315.37,107315.37,886
UKPARL.2025.DMD,W06000002,2409342994,2604703390,0.92,0.96,96785,100352,534
UKPARL.2025.DMD,W06000004,162035928.7,2604703390,0.06,0.04,3567,100352,36
UKPARL.2025.DNC,E08000017,111777028.1,111792056.1,1,1,115402.16,115402.16,723
UKPARL.2025.DNE,E06000013,232964699.2,420008590.3,0.55,0.25,23390,93340.27,344
UKPARL.2025.DNE,E08000017,184285683.8,420008590.3,0.44,0.75,69950.27,93340.27,264
UKPARL.2025.DNN,E08000017,240114065.7,240550038.8,1,1,97947.17,97947.17,691
UKPARL.2025.DRL,E06000005,113305909.7,113305931.7,1,1,96582.7,96582.7,888
UKPARL.2025.DUD,E08000027,28335805.87,28335857.84,1,1,99517.67,99517.67,763
UKPARL.2025.DUN,S12000042,40371705.61,40520403.18,1,1,105746.53,105746.53,675
UKPARL.2025.DWN,E09000022,7786030.56,14472459.62,0.54,0.7,77519,109972.36,329
UKPARL.2025.DWN,E09000028,6685916.06,14472459.62,0.46,0.3,32453.36,109972.36,288
UKPARL.2025.EAC,E09000006,12880965.6,30708290.32,0.42,0.25,27076,108481,256
UKPARL.2025.EAC,E09000011,17824311.01,30708290.32,0.58,0.75,81405,108481,361
UKPARL.2025.EAE,E07000208,34079142.02,58201883.6,0.59,0.75,80627,107398,365
UKPARL.2025.EAE,E07000210,24122725.48,58201883.6,0.41,0.25,26771,107398,254
UKPARL.2025.EAN,N09000001,10975265.2,844441933.4,0.01,0.13,12547.5,96813,1
UKPARL.2025.EAN,N09000004,69097140.22,844441933.4,0.08,0.03,2797.5,96813,48
UKPARL.2025.EAN,N09000008,761148466.1,844441933.4,0.9,0.84,81468,96813,518
UKPARL.2025.EAR,E06000038,8332161.51,48953638.7,0.17,0.24,24637.92,102198,99
UKPARL.2025.EAR,E06000041,40621476.63,48953638.7,0.83,0.76,77560.08,102198,486
UKPARL.2025.EAS,E06000047,148694235.9,149470615,0.99,1,94265.25,94265.25,664
UKPARL.2025.EAT,E09000004,11634457.94,26042856.1,0.45,0.34,47703.43,139649.43,276
UKPARL.2025.EAT,E09000011,14224993.08,26042856.1,0.55,0.66,91946,139649.43,334
UKPARL.2025.EAW,E07000207,47628835.01,47628850.07,1,1,100047.79,100047.79,856
UKPARL.2025.EBN,E07000061,44118804.67,44573403.9,0.99,1,103745,103745,638
UKPARL.2025.ECA,E09000009,16406475.23,20488831.36,0.8,0.86,109924.27,127532.49,467
UKPARL.2025.ECA,E09000013,4082244.61,20488831.36,0.2,0.14,17608.22,127532.49,123
UKPARL.2025.EEC,E07000009,651285887.4,727154585.1,0.9,0.83,89840,107655,514
UKPARL.2025.EEC,E07000012,75437061.38,727154585.1,0.1,0.17,17815,107655,64
UKPARL.2025.EEM,S12000010,8510731.84,32034605.08,0.27,0.13,14638.74,115069.39,165
UKPARL.2025.EEM,S12000036,23340595.08,32034605.08,0.73,0.87,100430.64,115069.39,429
UKPARL.2025.EGU,E07000063,72737067.91,381957592.5,0.19,0.11,10607,95489.61,113
UKPARL.2025.EGU,E07000065,141057539.5,381957592.5,0.37,0.32,30739.61,95489.61,228
UKPARL.2025.EGU,E07000228,168077116.7,381957592.5,0.44,0.57,54143,95489.61,266
UKPARL.2025.EHA,E07000084,75688943.46,513986086.2,0.15,0.02,1552.76,89756.61,88
UKPARL.2025.EHA,E07000085,438272846.8,513986086.2,0.85,0.98,88203.85,89756.61,493
UKPARL.2025.EHM,E09000025,9995865.72,10014745.69,1,1,131634,131634,689
UKPARL.2025.EKS,S12000029,304595087.1,304595158.2,1,1,94175.61,94175.61,882
UKPARL.2025.ELD,N09000004,1072345722,1291521747,0.83,0.9,94988,105600.5,487
UKPARL.2025.ELD,N09000005,217217591,1291521747,0.17,0.1,10612.5,105600.5,98
UKPARL.2025.ELN,E09000009,22969486.92,22969499.77,1,1,117158.57,117158.57,811
UKPARL.2025.ELP,E06000050,22529026.97,38641785.5,0.58,0.66,59998.32,90604.71,362
UKPARL.2025.ELP,E08000015,15451437.91,38641785.5,0.4,0.34,30606.39,90604.71,245
UKPARL.2025.ELS,E09000009,16168319.44,16168350.28,1,1,114777.1,114777.1,760
UKPARL.2025.ENF,E09000010,40631939.65,40631944.37,1,1,127019.98,127019.98,913
UKPARL.2025.ENL,S12000036,18890632.01,19652476.01,0.96,1,114701.38,114701.38,573
UKPARL.2025.EPF,E07000072,126245590.6,126245638.6,1,1,101070,101070,842
UKPARL.2025.ERF,S12000011,174247130.1,174247284.1,1,1,95530,95530,784
UKPARL.2025.ERW,E07000036,60042919.61,60042965.09,1,1,97183,97183,790
UKPARL.2025.ESL,E07000086,48614533.9,51060141.22,0.95,0.93,86512.85,92785.62,563
UKPARL.2025.ESL,E07000093,2441690.67,51060141.22,0.05,0.07,6272.77,92785.62,23
UKPARL.2025.ESO,S12000036,31114219.03,31114226.73,1,1,98994.69,98994.69,874
UKPARL.2025.ESU,E07000211,11588815.62,259783391.9,0.04,0.11,11236.39,99414.95,20
UKPARL.2025.ESU,E07000215,248194501.8,259783391.9,0.96,0.89,88178.56,99414.95,567
UKPARL.2025.ESW,S12000036,90367379.11,90376400.3,1,1,109769.13,109769.13,725
UKPARL.2025.ETH,E07000114,32246398.37,34340717.92,0.94,1,107116,107116,543
UKPARL.2025.EWE,S12000036,99638475.72,105764655.9,0.94,1,101034.15,101034.15,546
UKPARL.2025.EWH,E09000010,21929206.56,21929230.64,1,1,130090.88,130090.88,776
UKPARL.2025.EWS,E07000223,42036009.78,56421932.98,0.75,0.64,64301,100058,438
UKPARL.2025.EWS,E07000229,13376923.39,56421932.98,0.24,0.36,35757,100058,149
UKPARL.2025.EWT,E06000030,95093478.88,1053013308,0.09,0.13,13384.62,99719.78,56
UKPARL.2025.EWT,E06000054,957919760.2,1053013308,0.91,0.87,86335.16,99719.78,523
UKPARL.2025.EXM,E07000040,231824755.5,247397354.6,0.94,0.72,68020.62,94485.27,542
UKPARL.2025.EXM,E07000041,13215007.69,247397354.6,0.05,0.28,26464.65,94485.27,28
UKPARL.2025.EXT,E07000041,33817780.69,33879942.56,1,1,104940.35,104940.35,690
UKPARL.2025.FAB,E07000085,76138647.77,169398729.2,0.45,0.35,34104.15,96922.15,277
UKPARL.2025.FAB,E07000216,93260030.7,169398729.2,0.55,0.65,62818,96922.15,340
UKPARL.2025.FAH,E07000112,231158495.6,232373989.4,0.99,1,94240.97,94240.97,663
UKPARL.2025.FAV,E07000110,168801188.5,378781325.9,0.45,0.6,59165,98223.83,274
UKPARL.2025.FAV,E07000113,208061938.1,378781325.9,0.55,0.4,39058.83,98223.83,338
UKPARL.2025.FAW,E07000087,27947648.9,98821543.75,0.28,0.55,55184,99885,172
UKPARL.2025.FAW,E07000090,8156129.7,98821543.75,0.08,0.3,29717,99885,50
UKPARL.2025.FAW,E07000094,62453413.86,98821543.75,0.63,0.15,14984,99885,384
UKPARL.2025.FBS,E06000025,45296698.57,45296711.98,1,1,105609.47,105609.47,862
UKPARL.2025.FEL,E09000018,28020644.14,28020673.94,1,1,124619.77,124619.77,778
UKPARL.2025.FES,E06000022,94194811.14,475950490,0.2,0.41,38046.55,92069.97,118
UKPARL.2025.FES,E06000066,381755630.9,475950490,0.8,0.59,54023.41,92069.97,470
UKPARL.2025.FGG,E09000003,20941126.43,20941151.64,1,1,134021.18,134021.18,774
UKPARL.2025.FLK,S12000014,201836691.8,201927721.8,1,1,98938.24,98938.24,708
UKPARL.2025.FOD,E07000080,525892717.4,592833361.5,0.89,0.95,86811.37,91318,511
UKPARL.2025.FOD,E07000083,57805407.09,592833361.5,0.1,0.05,4506.63,91318,61
UKPARL.2025.FOY,N09000005,120843236,121138184.7,1,1,97869.65,97869.65,685
UKPARL.2025.FST,N09000002,91882385.75,2499553245,0.04,0.05,5320.6,111061,13
UKPARL.2025.FST,N09000006,1809758951,2499553245,0.72,0.58,64280,111061,425
UKPARL.2025.FST,N09000009,593698887.6,2499553245,0.24,0.37,41460.4,111061,150
UKPARL.2025.FYL,E07000119,165655815.4,175637187,0.94,0.85,80780,95493.32,548
UKPARL.2025.FYL,E07000128,8598460.2,175637187,0.05,0.15,14713.32,95493.32,24
UKPARL.2025.GAA,E07000209,109447029.5,344993467.2,0.32,0.36,34214,95464,196
UKPARL.2025.GAA,E07000216,235546386.5,344993467.2,0.68,0.64,61250,95464,411
UKPARL.2025.GAB,E07000139,175350467.9,751996018.9,0.23,0.08,8032,97857,147
UKPARL.2025.GAB,E07000141,576645499.8,751996018.9,0.77,0.92,89825,97857,447
UKPARL.2025.GAD,E08000003,11917141.14,22701695.27,0.52,0.7,76617.78,109798.78,318
UKPARL.2025.GAD,E08000008,10784539.4,22701695.27,0.48,0.3,33181,109798.78,295
UKPARL.2025.GAP,E06000011,713079248.5,722363028.1,0.99,1,102176.19,102176.19,623
UKPARL.2025.GAR,E06000035,29429910.36,31937147.91,0.92,1,102638,102638,532
UKPARL.2025.GAS,E06000066,694227255.2,694245184.9,1,1,90325.86,90325.86,736
UKPARL.2025.GAW,E09000011,15252484.68,15596278.27,0.98,1,114591,114591,594
UKPARL.2025.GCW,E08000037,41418978.48,41776573.35,0.99,1,103135.83,103135.83,646
UKPARL.2025.GDB,S12000034,2077782353,2081550596,1,1,91431.25,91431.25,692
UKPARL.2025.GEA,S12000049,28078935.45,28284026.99,0.99,1,102391.55,102391.55,657
UKPARL.2025.GED,E07000173,63963699.56,63963738.41,1,1,101668.28,101668.28,806
UKPARL.2025.GGC,E06000012,33721907.18,34259469.84,0.98,1,110811,110811,615
UKPARL.2025.GLO,E07000081,35834928.95,36108213.38,0.99,1,113142.55,113142.55,651
UKPARL.2025.GMF,S12000047,173234253.3,173750354.1,1,1,93680.36,93680.36,679
UKPARL.2025.GNB,E07000142,1155731851,1157635466,1,1,95667,95667,694
UKPARL.2025.GNE,S12000049,39605646.21,39605761.15,1,1,110960.03,110960.03,754
UKPARL.2025.GNO,S12000049,27791580.26,27861701.29,1,1,109681.28,109681.28,684
UKPARL.2025.GOS,E07000087,11001404.44,37388755.84,0.29,0.14,14269,99107,178
UKPARL.2025.GOS,E07000088,25327357.87,37388755.84,0.68,0.86,84838,99107,404
UKPARL.2025.GRV,E07000109,98990689.8,99714441.84,0.99,1,106939,106939,656
UKPARL.2025.GSO,S12000049,26740428.98,26740473.04,1,1,93276.53,93276.53,766
UKPARL.2025.GSW,S12000049,29364649.89,29628796.93,0.99,1,96178.43,96178.43,644
UKPARL.2025.GUI,E07000209,126093738.9,126093778.2,1,1,107552,107552,857
UKPARL.2025.GWE,S12000049,18612742.35,18683338.98,1,1,101681.4,101681.4,673
UKPARL.2025.GWR,W06000011,306920578,324479872.3,0.95,1,98692.12,98692.12,553
UKPARL.2025.GYM,E07000145,174079607.5,180610710.3,0.96,1,99336,99336,575
UKPARL.2025.HAB,E07000096,146770386.4,248282172.1,0.59,0.49,46566,95293,367
UKPARL.2025.HAB,E07000240,101511662.5,248282172.1,0.41,0.51,48727,95293,249
UKPARL.2025.HAC,E09000013,5866809.09,12815151.73,0.46,0.69,79846.55,116300.15,286
UKPARL.2025.HAC,E09000018,6781167.41,12815151.73,0.53,0.31,36453.6,116300.15,323
UKPARL.2025.HAE,E09000005,2154364.13,24981443.88,0.09,0.14,15987.9,114604.28,54
UKPARL.2025.HAE,E09000015,22827000.73,24981443.88,0.91,0.86,98616.38,114604.28,527
UKPARL.2025.HAH,E09000007,12501603.8,15267890.75,0.82,0.91,132120.47,144676.38,479
UKPARL.2025.HAH,E09000014,2766265.06,15267890.75,0.18,0.09,12555.91,144676.38,109
UKPARL.2025.HAL,E08000027,26626966.92,30793920.14,0.86,0.84,77649.62,92351.21,503
UKPARL.2025.HAL,E08000028,4166945.04,30793920.14,0.14,0.16,14701.59,92351.21,79
UKPARL.2025.HAP,E06000043,23932023.79,23967514.3,1,1,104001,104001,696
UKPARL.2025.HAR,E07000062,29761318.27,143950099.2,0.21,0.86,92661,107644.61,130
UKPARL.2025.HAR,E07000064,110648897.9,143950099.2,0.77,0.14,14983.61,107644.61,450
UKPARL.2025.HAS,E07000242,121408370.2,121408402.5,1,1,105919,105919,865
UKPARL.2025.HAT,E07000179,548726701.8,548783468.7,1,1,91884.68,91884.68,724
UKPARL.2025.HAU,E09000016,56784550.76,56784571.74,1,1,106387.54,106387.54,843
UKPARL.2025.HAV,E07000090,47413469.12,58427645.62,0.81,1,96503,96503,476
UKPARL.2025.HAW,E09000015,17482676.04,17482686.38,1,1,116151.53,116151.53,808
UKPARL.2025.HAY,E09000017,45028418.07,45028455.98,1,1,128973.79,128973.79,786
UKPARL.2025.HAZ,E08000007,61385876.06,61385908.54,1,1,93197.02,93197.02,815
UKPARL.2025.HBS,E07000106,74175801.4,244306313.3,0.3,0.51,50745.98,99191.35,186
UKPARL.2025.HBS,E07000108,95842232.55,244306313.3,0.39,0.14,13639.37,99191.35,239
UKPARL.2025.HBS,E07000114,71332099.03,244306313.3,0.29,0.35,34806,99191.35,176
UKPARL.2025.HBV,E07000086,31056482.17,93895993.7,0.33,0.47,47071.15,100725.72,206
UKPARL.2025.HBV,E07000087,35277819.81,93895993.7,0.38,0.46,46780,100725.72,229
UKPARL.2025.HBV,E07000094,25648071.43,93895993.7,0.27,0.07,6874.57,100725.72,170
UKPARL.2025.HCV,S12000029,257472363.5,257472370.3,1,1,96597.65,96597.65,928
UKPARL.2025.HEN,E09000003,22842839.44,22842891.12,1,1,127518.19,127518.19,757
UKPARL.2025.HEX,E06000057,2751225692,2775462164,0.99,0.89,82770.31,92968.29,645
UKPARL.2025.HFB,E09000003,2757670.74,13921336.24,0.2,0.2,20493.94,104373.13,119
UKPARL.2025.HFB,E09000014,11163656.63,13921336.24,0.8,0.8,83879.2,104373.13,469
UKPARL.2025.HFX,E08000033,61493254.81,61493293.71,1,1,110151.25,110151.25,802
UKPARL.2025.HGK,E06000065,133520251.8,133520251.8,1,1,99792.56,99792.56,937
UKPARL.2025.HIT,E06000056,72341740.33,227073043.7,0.32,0.44,43252.67,99053.67,197
UKPARL.2025.HIT,E07000099,154731280.3,227073043.7,0.68,0.56,55801,99053.67,409
UKPARL.2025.HKB,E07000132,247572559.3,290023775.4,0.85,0.95,92666,98020,495
UKPARL.2025.HKB,E07000134,42451175.22,290023775.4,0.15,0.05,5354,98020,87
UKPARL.2025.HLW,E07000072,49647527.26,153324155.2,0.32,0.1,10737.7,104856.27,202
UKPARL.2025.HLW,E07000073,30537897.91,153324155.2,0.2,0.83,87067,104856.27,122
UKPARL.2025.HLW,E07000077,73138667,153324155.2,0.48,0.07,7051.58,104856.27,297
UKPARL.2025.HML,E07000096,57380883.15,57380900.8,1,1,102940,102940,858
UKPARL.2025.HMN,E08000005,71751280.28,71751346.03,1,1,100147.59,100147.59,782
UKPARL.2025.HMR,E07000098,98150705,119753305.7,0.82,0.94,97388.49,103060.71,481
UKPARL.2025.HMR,E07000241,21602517.95,119753305.7,0.18,0.06,5672.22,103060.71,107
UKPARL.2025.HNE,E07000099,195773296.8,502253882.6,0.39,0.69,69688,101567,236
UKPARL.2025.HNE,E07000242,306480484.5,502253882.6,0.61,0.31,31879,101567,376
UKPARL.2025.HNS,E07000040,582331134.6,648204129.3,0.9,0.87,78263.38,89728.38,516
UKPARL.2025.HNS,E07000042,64774190.37,648204129.3,0.1,0.13,11465,89728.38,63
UKPARL.2025.HOW,E07000131,142627408.5,166153549.4,0.86,0.43,42732.72,99747.72,497
UKPARL.2025.HOW,E07000135,23526065.68,166153549.4,0.14,0.57,57015,99747.72,83
UKPARL.2025.HPK,E07000037,540253897.1,540254000.7,1,1,92666,92666,889
UKPARL.2025.HPL,E06000001,93671569.97,96202482.92,0.97,1,93663,93663,588
UKPARL.2025.HRH,E07000227,311169351.8,311196313.2,1,1,101138,101138,728
UKPARL.2025.HRS,E06000019,741030743.6,741039346.1,1,1,100224.22,100224.22,744
UKPARL.2025.HSD,E09000012,8063444.42,8067099.73,1,1,126125.77,126125.77,707
UKPARL.2025.HSN,E09000012,9018175.42,9021292.6,1,1,124665.92,124665.92,712
UKPARL.2025.HSP,E09000007,9286701.41,9287184.49,1,1,137908.53,137908.53,732
UKPARL.2025.HSS,E08000024,68942246.28,69133556.17,1,1,98940.29,98940.29,682
UKPARL.2025.HTD,E07000011,590987578.8,591074313.8,1,1,105130.1,105130.1,721
UKPARL.2025.HUD,E08000034,49093981.06,49093982.13,1,1,117885.08,117885.08,931
UKPARL.2025.HUE,E06000010,33709587.91,34698630.66,0.97,1,101226.13,101226.13,584
UKPARL.2025.HUN,E06000010,22307662.55,37265911.43,0.6,0.85,96044.49,113587.49,372
UKPARL.2025.HUN,E06000011,14803142.8,37265911.43,0.4,0.15,17543,113587.49,243
UKPARL.2025.HUW,E06000010,15532308.9,36961029.8,0.42,0.62,62507.38,101463.38,257
UKPARL.2025.HUW,E06000011,21279938.83,36961029.8,0.58,0.38,38956,101463.38,359
UKPARL.2025.HWC,E07000071,190274371.4,339691911,0.56,0.51,50822.98,99649.83,350
UKPARL.2025.HWC,E07000076,136088724.5,339691911,0.4,0.49,48826.86,99649.83,246
UKPARL.2025.HYB,E07000120,72996344.92,90263500.75,0.81,0.87,81043,93033,473
UKPARL.2025.HYB,E07000125,17266023.75,90263500.75,0.19,0.13,11990,93033,115
UKPARL.2025.ILN,E09000026,27244241.93,27246068.01,1,1,115920.29,115920.29,730
UKPARL.2025.ILS,E09000002,3384418.51,15226463.76,0.22,0.09,11424,128093.81,139
UKPARL.2025.ILS,E09000026,11813159.6,15226463.76,0.78,0.91,116669.81,128093.81,454
UKPARL.2025.IPS,E07000202,31496900.74,31822450.24,0.99,1,113180,113180,637
UKPARL.2025.IRW,S12000018,161939710.4,197377922.6,0.82,0.87,77800,89662.78,482
UKPARL.2025.IRW,S12000038,34194707.54,197377922.6,0.17,0.13,11862.78,89662.78,100
UKPARL.2025.ISN,E09000019,7383048.26,7383082.66,1,1,118446.31,118446.31,747
UKPARL.2025.ISS,E09000012,593097.79,8066636.24,0.07,0.07,9492.23,133466.23,43
UKPARL.2025.ISS,E09000019,7473404.93,8066636.24,0.93,0.93,123974,133466.23,538
UKPARL.2025.ISW,S12000017,9574777592,9674378954,0.99,1,103730.11,103730.11,636
UKPARL.2025.IWE,E06000046,115270847.9,117787007.9,0.98,1,71496.19,71515.98,599
UKPARL.2025.IWW,E06000046,264278452.6,269772612.1,0.98,1,70255.02,70255.02,602
UKPARL.2025.JGE,E08000023,28956616.19,42701618.27,0.68,0.62,58137.8,93625.83,407
UKPARL.2025.JGE,E08000037,13268340.89,42701618.27,0.31,0.38,35488.03,93625.83,191
UKPARL.2025.KAB,E09000020,9226514.61,11516033.99,0.8,0.79,116784.4,147230.72,468
UKPARL.2025.KAB,E09000033,2285287.84,11516033.99,0.2,0.21,30446.32,147230.72,121
UKPARL.2025.KAI,E08000032,164562504.9,164562610.5,1,1,97743.63,97743.63,799
UKPARL.2025.KAL,S12000008,701826073.2,701826288,1,1,97266.55,97266.55,860
UKPARL.2025.KAS,E09000021,26045904.61,26046461.48,1,1,119777,119777,737
UKPARL.2025.KET,E06000061,258889650.6,258889678.5,1,1,105959.97,105959.97,914
UKPARL.2025.KLW,E07000220,122638172,665034296.6,0.18,0.12,10735.67,89601.18,111
UKPARL.2025.KLW,E07000221,348908789.6,665034296.6,0.52,0.41,36401.9,89601.18,317
UKPARL.2025.KLW,E07000222,193487200.5,665034296.6,0.29,0.47,42463.6,89601.18,175
UKPARL.2025.KNW,E08000011,51209658.87,51209704.62,1,1,91130.36,91130.36,783
UKPARL.2025.KSS,E07000196,175449477.2,185941192.7,0.94,0.59,52987,89193.33,549
UKPARL.2025.KSS,E08000027,10491685.28,185941192.7,0.06,0.41,36206.33,89193.33,32
UKPARL.2025.LAA,E08000010,53097972.35,53098445.06,1,1,105638.12,105638.12,745
UKPARL.2025.LAH,E07000137,1313852708,1323471696,0.99,1,96908.34,96908.34,655
UKPARL.2025.LAN,E07000121,159394310,416568143.6,0.38,0.66,65353.36,98333.36,232
UKPARL.2025.LAN,E07000128,248127521.1,416568143.6,0.6,0.34,32980,98333.36,370
UKPARL.2025.LAW,E09000026,9072868.63,17224308.03,0.53,0.29,34859.42,121335.42,321
UKPARL.2025.LAW,E09000031,8133633.47,17224308.03,0.47,0.71,86476,121335.42,293
UKPARL.2025.LBO,E07000130,122511408.4,122511447.2,1,1,102690,102690,855
UKPARL.2025.LCH,E08000035,20415492.41,20415492.41,1,1,110983.75,110983.75,940
UKPARL.2025.LEA,E08000035,58070757.47,58070757.47,1,1,109286.92,109286.92,944
UKPARL.2025.LEE,E06000016,21474881.44,21474894.49,1,1,113208.91,113208.91,805
UKPARL.2025.LES,E06000016,19184540.24,19184596.78,1,1,120825.09,120825.09,753
UKPARL.2025.LEW,E06000016,32682522.02,32682540.63,1,1,120190,120190,810
UKPARL.2025.LGT,E08000012,33742624.04,33798395.78,1,1,93033.74,93033.74,693
UKPARL.2025.LGV,N09000002,179705707,496035866.6,0.36,0.21,23291.6,110871.89,224
UKPARL.2025.LGV,N09000007,314952676.4,496035866.6,0.63,0.79,87580.29,110871.89,386
UKPARL.2025.LIC,E07000193,146610733.3,317058641.9,0.46,0.12,11246,95208.52,289
UKPARL.2025.LIC,E07000194,170447880.1,317058641.9,0.54,0.88,83962.52,95208.52,328
UKPARL.2025.LLE,W06000010,351931268.6,359635852.4,0.98,1,94505,94505,598
UKPARL.2025.LNC,E07000138,35690252.66,63930922.38,0.56,0.88,99299,113044.25,346
UKPARL.2025.LNC,E07000139,28240645.21,63930922.38,0.44,0.12,13745.25,113044.25,270
UKPARL.2025.LNE,E08000035,39405204.23,39405204.23,1,1,94111.02,94111.02,945
UKPARL.2025.LNW,E08000035,85552436.31,85552473.67,1,1,87781.16,87781.16,834
UKPARL.2025.LOE,S12000010,670724778.6,684468901.8,0.98,1,92451.26,92451.26,604
UKPARL.2025.LRV,E08000012,21447709.15,21554801.8,1,1,126604.71,126604.71,667
UKPARL.2025.LSO,E08000035,38422102.38,38422102.38,1,1,124669.12,124669.12,943
UKPARL.2025.LSW,E08000035,56794096.16,56794116.08,1,1,92210.67,92210.67,849
UKPARL.2025.LUN,E06000032,21923367.99,21923371.7,1,1,106673,106673,897
UKPARL.2025.LUS,E06000032,21429110.13,100692129.5,0.21,0.88,106379,120214.63,132
UKPARL.2025.LUS,E06000056,79262976.94,100692129.5,0.79,0.12,13835.63,120214.63,462
UKPARL.2025.LVG,S12000040,243963619.6,243973416.1,1,1,102291.83,102291.83,733
UKPARL.2025.LWD,E08000011,3575641.08,18769730.14,0.19,0.21,19727,96026.24,114
UKPARL.2025.LWD,E08000012,15194089.05,18769730.14,0.81,0.79,76299.24,96026.24,474
UKPARL.2025.LWE,E09000023,15866714.48,15867841.67,1,1,119767.91,119767.91,729
UKPARL.2025.LWL,E08000012,21781501.87,25353803.33,0.86,0.93,93614.47,100316.47,499
UKPARL.2025.LWL,E08000014,3572298.09,25353803.33,0.14,0.07,6702,100316.47,82
UKPARL.2025.LWN,E09000023,11899036.38,11924054.86,1,1,117053.93,117053.93,687
UKPARL.2025.LWP,E08000035,35178509.89,35178512.29,1,1,93358.97,93358.97,918
UKPARL.2025.LWS,E07000063,209450252.6,358353750.1,0.58,0.7,69256.52,99384.44,363
UKPARL.2025.LWS,E07000065,147266765.9,358353750.1,0.41,0.3,30094.44,99384.44,253
UKPARL.2025.LWT,E07000244,108510906.1,109772357.2,0.99,1,96121.57,96121.57,629
UKPARL.2025.LWV,E08000012,19666267.26,19687006.36,1,1,108489.85,108489.85,698
UKPARL.2025.LWW,E09000023,7379924.5,11426029.37,0.65,0.67,69020.17,103605.57,389
UKPARL.2025.LWW,E09000028,4046092.62,11426029.37,0.35,0.33,34585.41,103605.57,222
UKPARL.2025.MAC,E06000049,301738489.7,301738544.5,1,1,93510,93510,894
UKPARL.2025.MAG,W06000006,205433819.2,2386935363,0.09,0.35,34520,97784,53
UKPARL.2025.MAG,W06000023,2181356003,2386935363,0.91,0.65,63264,97784,528
UKPARL.2025.MAI,E06000036,62424252.4,182384102.4,0.34,0.21,21611.18,102008.18,214
UKPARL.2025.MAI,E06000040,119959832.6,182384102.4,0.66,0.79,80397,102008.18,397
UKPARL.2025.MAL,E07000070,154545037.1,403165428,0.38,0.48,46985,97985,233
UKPARL.2025.MAL,E07000074,229536068.3,403165428,0.57,0.52,51000,97985,355
UKPARL.2025.MAM,E09000024,18682261.36,18682349.82,1,1,116176.68,116176.68,746
UKPARL.2025.MAN,E07000174,70845090.13,70845108.37,1,1,105366.15,105366.15,869
UKPARL.2025.MAS,E07000130,88303170.7,569683690,0.16,0.46,43288,94497,91
UKPARL.2025.MAS,E07000133,481380380.4,569683690,0.84,0.54,51209,94497,492
UKPARL.2025.MBD,E06000055,37608845.55,347470554.6,0.11,0.18,16236.32,92255.65,66
UKPARL.2025.MBD,E06000056,309861670.1,347470554.6,0.89,0.82,76019.33,92255.65,512
UKPARL.2025.MBU,E06000060,541620425.6,541630194.2,1,1,91772.33,91772.33,738
UKPARL.2025.MCH,E06000049,7988510.86,105055302.9,0.08,0.16,14130,90255.44,47
UKPARL.2025.MCH,E06000050,97066792.05,105055302.9,0.92,0.84,76125.44,90255.44,533
UKPARL.2025.MCL,E06000002,25971157.9,196366315.8,0.13,0.52,46801.54,90039.54,78
UKPARL.2025.MCL,E06000003,169324874.2,196366315.8,0.86,0.48,43238,90039.54,501
UKPARL.2025.MCT,E08000003,20475998.08,27572639.66,0.74,0.84,108166.82,129403.92,436
UKPARL.2025.MCT,E08000004,7096594.84,27572639.66,0.26,0.16,21237.11,129403.92,161
UKPARL.2025.MDB,S12000045,153725689.4,153725762.5,1,1,94894.15,94894.15,828
UKPARL.2025.MDE,E06000015,17302134.87,142324205.4,0.12,0.44,38095,87283.27,70
UKPARL.2025.MDE,E07000032,75434978.93,142324205.4,0.53,0.36,31000.27,87283.27,325
UKPARL.2025.MDE,E07000036,49587072.9,142324205.4,0.35,0.21,18188,87283.27,220
UKPARL.2025.MDP,E06000058,29288864.32,310308158,0.09,0.4,37470.24,93264.74,58
UKPARL.2025.MDP,E06000059,273782323.2,310308158,0.88,0.6,55794.5,93264.74,508
UKPARL.2025.MDS,E07000110,24521738.29,51874259.51,0.47,0.7,75077.02,107092.75,294
UKPARL.2025.MDS,E07000115,27256113.83,51874259.51,0.53,0.3,32015.73,107092.75,319
UKPARL.2025.MID,S12000019,355271961.2,355272033.5,1,1,92460,92460,885
UKPARL.2025.MKC,E06000042,65790969.84,65791032.19,1,1,118303.8,118303.8,781
UKPARL.2025.MKF,E08000010,56943803.7,56943865.11,1,1,104136.68,104136.68,777
UKPARL.2025.MKM,E06000054,417535870.3,417535898.1,1,1,92524.05,92524.05,919
UKPARL.2025.MKN,E06000042,221346393.8,221346445.5,1,1,92399.36,92399.36,881
UKPARL.2025.MLE,E07000129,19702541.61,137709079.9,0.14,0.4,40268,100611,84
UKPARL.2025.MLE,E07000130,68227623.34,137709079.9,0.5,0.4,39873,100611,306
UKPARL.2025.MLE,E07000132,49778894.58,137709079.9,0.36,0.2,20470,100611,223
UKPARL.2025.MMS,W06000021,850288150.2,858264016.1,0.99,1,94590,94590,642
UKPARL.2025.MNF,E07000143,760856835.1,838993904.9,0.91,0.92,87039.8,94154.8,521
UKPARL.2025.MNF,E07000149,78137013.13,838993904.9,0.09,0.08,7115,94154.8,57
UKPARL.2025.MNS,S12000017,2836825479,4739254613,0.6,0.3,30662.08,101921.41,371
UKPARL.2025.MNS,S12000020,1879353244,4739254613,0.4,0.7,71259.33,101921.41,242
UKPARL.2025.MOR,E06000064,415911811,843258752.4,0.49,0.19,18469.74,99154.38,304
UKPARL.2025.MOR,E07000121,407463914.3,843258752.4,0.48,0.81,80684.64,99154.38,298
UKPARL.2025.MRH,E08000003,14825773.66,14825773.91,1,1,116522.84,116522.84,932
UKPARL.2025.MSE,E08000029,133648893,133648972,1,1,99220.25,99220.25,807
UKPARL.2025.MSP,W06000009,959946830.6,985243662.2,0.97,1,102893,102893,590
UKPARL.2025.MSU,E07000228,165951948.6,165952027.3,1,1,96879,96879,829
UKPARL.2025.MTA,W06000016,133288925.7,245245906.9,0.54,0.4,40992,101318,332
UKPARL.2025.MTA,W06000024,111956905.1,245245906.9,0.46,0.6,60326,101318,283
UKPARL.2025.MTE,E06000002,27909727.01,36119966.87,0.77,0.83,94178.46,113086.26,452
UKPARL.2025.MTE,E06000004,7655046.47,36119966.87,0.21,0.17,18907.8,113086.26,131
UKPARL.2025.MUL,N09000002,24508334.73,1197624481,0.02,0.02,1943,104251.6,7
UKPARL.2025.MUL,N09000009,1171293691,1197624481,0.98,0.98,102308.6,104251.6,595
UKPARL.2025.MWC,S12000029,171112876,214596723.2,0.8,0.23,22105.07,96643.02,465
UKPARL.2025.MWC,S12000050,43483843.81,214596723.2,0.2,0.77,74537.95,96643.02,126
UKPARL.2025.MWI,E08000003,18167012.84,18167046.51,1,1,90319.01,90319.01,762
UKPARL.2025.NAA,S12000021,816940152.4,830987636.7,0.98,1,92566.11,92566.11,612
UKPARL.2025.NAH,E08000036,154821011.3,154821039.9,1,1,102642.82,102642.82,891
UKPARL.2025.NAN,N09000004,840356738.7,1137046512,0.74,0.45,47067.5,104879.5,433
UKPARL.2025.NAN,N09000008,293930189.4,1137046512,0.26,0.55,57812,104879.5,162
UKPARL.2025.NAR,N09000002,511404111.5,921745685.3,0.55,0.47,52874.6,111721.85,345
UKPARL.2025.NAR,N09000010,408633118,921745685.3,0.44,0.53,58847.25,111721.85,271
UKPARL.2025.NAS,E06000047,246520004.4,246524424.8,1,1,93354.86,93354.86,740
UKPARL.2025.NBD,E06000055,409202362.2,584836239.3,0.7,0.51,51087.2,99312.2,418
UKPARL.2025.NBD,E06000056,175633827.6,584836239.3,0.3,0.49,48225,99312.2,185
UKPARL.2025.NBY,E06000037,396762194,396762255.3,1,1,96234.64,96234.64,901
UKPARL.2025.NCE,E08000021,13811935.79,27286357.64,0.51,0.6,69370.44,115061.44,309
UKPARL.2025.NCE,E08000022,13193469.88,27286357.64,0.48,0.4,45691,115061.44,299
UKPARL.2025.NCL,E08000021,32398620.82,32643905.25,0.99,1,134949.58,134949.58,652
UKPARL.2025.NCN,E08000021,25804819.76,32329617.71,0.8,0.8,84454.88,105427.1,466
UKPARL.2025.NCN,E08000022,6524797.95,32329617.71,0.2,0.2,20972.22,105427.1,125
UKPARL.2025.NCR,E06000052,1280261385,1291897591,0.99,1,101715.61,101715.61,643
UKPARL.2025.NCT,E07000079,816100144.7,1032843985,0.79,0.45,40747.55,90406.2,463
UKPARL.2025.NCT,E07000082,165008868.8,1032843985,0.16,0.24,21804.17,90406.2,93
UKPARL.2025.NCT,E07000083,50811160.85,1032843985,0.05,0.31,27854.48,90406.2,25
UKPARL.2025.NDH,E06000047,229645557.5,229741200.3,1,1,95918,95918,710
UKPARL.2025.NDS,E06000059,796731106.2,796731144.9,1,1,92461.15,92461.15,923
UKPARL.2025.NDV,E07000043,1085831135,1098736281,0.99,1,97145,97145,627
UKPARL.2025.NDW,N09000003,2867445.96,118780345.5,0.02,0.05,5221.66,96962.86,8
UKPARL.2025.NDW,N09000011,114758653.7,118780345.5,0.97,0.95,91741.2,96962.86,579
UKPARL.2025.NEC,E07000010,546449990.9,547306291.2,1,1,101850,101850,695
UKPARL.2025.NED,E07000034,18678573.9,226323117.8,0.08,0.11,10376,91633.93,49
UKPARL.2025.NED,E07000038,207644442,226323117.8,0.92,0.89,81257.93,91633.93,530
UKPARL.2025.NEF,S12000047,793797367,808592057.9,0.98,1,95169.6,95169.6,609
UKPARL.2025.NEH,E07000084,130131625.2,327350652.5,0.4,0.18,18274.41,98891.64,244
UKPARL.2025.NEH,E07000089,197218990.4,327350652.5,0.6,0.82,80617.23,98891.64,374
UKPARL.2025.NES,E06000022,183442741.2,209454033.7,0.88,0.55,50630.62,92376.7,504
UKPARL.2025.NES,E06000025,26011176.24,209454033.7,0.12,0.45,41746.08,92376.7,73
UKPARL.2025.NFE,E07000091,395845783.1,404237736.5,0.98,1,93708,93708,601
UKPARL.2025.NFW,E07000091,356303342.1,358487379.5,0.99,1,86355.74,86355.74,661
UKPARL.2025.NGE,E06000018,21675637.06,21675650.73,1,1,130629.73,130629.73,803
UKPARL.2025.NGN,E06000018,20637672.25,40010356.66,0.52,0.85,92039.99,108784.42,312
UKPARL.2025.NGN,E07000172,19372679.4,40010356.66,0.48,0.15,16744.43,108784.42,300
UKPARL.2025.NGS,E06000018,32300222.03,32300239.18,1,1,110230.28,110230.28,814
UKPARL.2025.NHI,S12000013,3096540713,3265129471,0.95,1,26720,26720,557
UKPARL.2025.NHN,E06000062,30863122.39,30863122.39,1,1,121411.79,121411.79,941
UKPARL.2025.NHR,E06000019,1438669913,1438670101,1,1,92576.78,92576.78,907
UKPARL.2025.NHS,E06000062,49908811.82,49908816.51,1,1,103198.21,103198.21,916
UKPARL.2025.NNF,E07000147,769971960.7,781108282.6,0.99,1,89201.38,89201.38,616
UKPARL.2025.NNU,E06000057,2143139331,2178644474,0.98,1,92293.34,92293.34,614
UKPARL.2025.NPE,W06000022,123589606.5,127457584.7,0.97,1,107604,107604,583
UKPARL.2025.NPI,W06000018,78845006.3,146278299.5,0.54,0.53,53527.91,100599.91,330
UKPARL.2025.NPI,W06000022,66817245.89,146278299.5,0.46,0.47,47072,100599.91,284
UKPARL.2025.NRN,E07000144,29569963.71,42068732.77,0.7,0.55,53585,96780.82,422
UKPARL.2025.NRN,E07000148,12390279.24,42068732.77,0.29,0.45,43195.82,96780.82,180
UKPARL.2025.NRS,E07000148,26631521.48,30251410.32,0.88,0.94,97377.18,103672.62,507
UKPARL.2025.NRS,E07000149,2104481.85,30251410.32,0.07,0.06,6295.44,103672.62,40
UKPARL.2025.NSO,E06000051,772620645.2,772620835.3,1,1,101704,101704,876
UKPARL.2025.NSS,E06000024,196664004.3,197174251.6,1,1,94006.78,94006.78,683
UKPARL.2025.NSW,W06000011,38572278.78,216683186.4,0.18,0.39,38766.81,100332.81,106
UKPARL.2025.NSW,W06000012,176826631,216683186.4,0.82,0.61,61566,100332.81,477
UKPARL.2025.NTA,E07000045,196858551.4,199437088.6,0.99,1,92834.05,92849.76,622
UKPARL.2025.NUL,E07000195,102742428.9,102742471.9,1,1,98803,98803,837
UKPARL.2025.NUN,E07000218,36046992.55,83023088.97,0.43,0.1,9568,95173,263
UKPARL.2025.NUN,E07000219,46976068.05,83023088.97,0.57,0.9,85605,95173,352
UKPARL.2025.NWB,E07000218,248214469.4,266479845.3,0.93,0.59,55696,93878,539
UKPARL.2025.NWB,E07000219,18265339.81,266479845.3,0.07,0.41,38182,93878,39
UKPARL.2025.NWC,E06000031,171052086.9,388250594.6,0.44,0.74,79108.71,107323.76,268
UKPARL.2025.NWC,E07000011,217198427.7,388250594.6,0.56,0.26,28215.05,107323.76,348
UKPARL.2025.NWE,E07000070,154244940.5,621508169.2,0.25,0.24,24879,102394.62,157
UKPARL.2025.NWE,E07000077,467263188.8,621508169.2,0.75,0.76,77515.62,102394.62,441
UKPARL.2025.NWH,E07000084,349370729.4,446296903.4,0.78,0.5,52141.88,103546.44,457
UKPARL.2025.NWH,E07000093,96912450.73,446296903.4,0.22,0.5,51404.55,103546.44,135
UKPARL.2025.NWK,E07000171,239719932.2,774623981,0.31,0.13,13653,105965.56,189
UKPARL.2025.NWK,E07000175,413637133.5,774623981,0.53,0.69,73084.92,105965.56,327
UKPARL.2025.NWK,E07000176,119518761.4,774623981,0.15,0.18,19227.64,105965.56,90
UKPARL.2025.NWL,E07000134,236876843.2,236876887.3,1,1,98257,98257,890
UKPARL.2025.NWN,E07000146,818066337.4,826481090,0.99,1,102069.08,102069.08,639
UKPARL.2025.OAS,S12000023,1014987356,2680190694,0.38,0.49,22270,45190,231
UKPARL.2025.OAS,S12000027,1468255991,2680190694,0.55,0.51,22920,45190,336
UKPARL.2025.OBS,E09000004,26986277.48,26986333.54,1,1,100928.47,100928.47,758
UKPARL.2025.ODB,E08000034,70817675.1,140522511.2,0.5,0.31,29230.46,93659.55,308
UKPARL.2025.ODB,E08000036,69704823.8,140522511.2,0.5,0.69,64429.09,93659.55,307
UKPARL.2025.OLE,E08000004,104409757.3,104409804.3,1,1,106124.71,106124.71,833
UKPARL.2025.OLW,E08000004,30838374.07,30838482.05,1,1,109748.18,109748.18,749
UKPARL.2025.ORP,E09000006,67870717.84,67870819.95,1,1,98556.24,98556.24,769
UKPARL.2025.OXE,E07000178,28049418.16,28049465.5,1,1,108073,108073,765
UKPARL.2025.OXW,E07000178,17553380.33,107577700.1,0.16,0.41,44384,107520.89,95
UKPARL.2025.OXW,E07000180,90022137.95,107577700.1,0.84,0.59,63136.89,107520.89,490
UKPARL.2025.PAL,E09000030,9136552.17,9433459.9,0.97,1,141599.18,141599.18,581
UKPARL.2025.PAS,E08000016,178296454.7,293794185.9,0.61,0.4,35575.52,89457.59,375
UKPARL.2025.PAS,E08000019,115497717.6,293794185.9,0.39,0.6,53882.06,89457.59,240
UKPARL.2025.PBO,E06000031,172326018.5,172381710.1,1,1,123150.29,123150.29,714
UKPARL.2025.PCK,E08000036,73518242.19,73518282.18,1,1,97753.16,97753.16,812
UKPARL.2025.PDL,E07000122,160482990.1,236944052.9,0.68,0.74,78294.58,105894.87,403
UKPARL.2025.PDL,E07000124,76450855.47,236944052.9,0.32,0.26,27600.29,105894.87,201
UKPARL.2025.PEN,E06000063,1296192279,1985393700,0.65,0.71,69905.26,98595.26,394
UKPARL.2025.PEN,E06000064,677609121.3,1985393700,0.34,0.29,28690,98595.26,211
UKPARL.2025.PHK,S12000048,1415712950,1422532754,1,1,102955.96,102955.96,668
UKPARL.2025.PKM,E09000028,8122251.43,8123357.15,1,1,107483.77,107483.77,722
UKPARL.2025.PLE,E06000058,30181946.07,33623277.57,0.9,1,96199.8,96199.8,515
UKPARL.2025.PMV,E06000026,33413589.77,33809860.29,0.99,1,99024.08,99024.08,628
UKPARL.2025.PON,E06000044,26942141.64,29540476.47,0.91,1,99479,99479,525
UKPARL.2025.POS,E06000044,13374739.72,14117430.95,0.95,1,115426,115426,555
UKPARL.2025.PPD,W06000016,141742400.6,141742474.8,1,1,103000.3,103000.3,817
UKPARL.2025.PRE,E07000123,40370310.29,40890124.35,0.99,1,114932.04,114932.04,624
UKPARL.2025.PRN,S12000038,77790140.68,85709238.93,0.91,0.83,75056.63,90775.05,522
UKPARL.2025.PRN,S12000049,3785388.07,85709238.93,0.04,0.17,15718.41,90775.05,19
UKPARL.2025.PRS,S12000038,149502937.4,149505277,1,1,92180.58,92180.58,742
UKPARL.2025.PSD,E06000026,20342315.93,21380173.2,0.95,1,108114.92,108114.92,561
UKPARL.2025.PUT,E09000032,13801770.76,14033431.66,0.98,1,110256.7,110256.7,613
UKPARL.2025.QPK,E09000005,4133538.15,7616116.34,0.54,0.42,56375.56,134326.56,331
UKPARL.2025.QPK,E09000033,3482532.31,7616116.34,0.46,0.58,77951,134326.56,285
UKPARL.2025.RAC,E08000017,31829580.89,100510449.1,0.32,0.3,28590.4,94263.12,195
UKPARL.2025.RAC,E08000018,68680864.19,100510449.1,0.68,0.7,65672.72,94263.12,412
UKPARL.2025.RAD,E06000008,97428318.12,218203220.4,0.45,0.41,41435.22,100927.22,275
UKPARL.2025.RAD,E07000125,120774838.2,218203220.4,0.55,0.59,59492,100927.22,342
UKPARL.2025.RAH,E06000006,45449461.13,189854568.1,0.24,0.68,64338,94312.14,152
UKPARL.2025.RAH,E06000050,141885589.9,189854568.1,0.75,0.32,29974.14,94312.14,439
UKPARL.2025.RAN,E06000065,1902192348,1902197038,1,1,97094.83,97094.83,756
UKPARL.2025.RAO,W06000013,69343743.33,199830934.5,0.35,0.16,15956,101971,217
UKPARL.2025.RAO,W06000016,130487189.7,199830934.5,0.65,0.84,86015,101971,395
UKPARL.2025.RAS,E06000035,144596719.2,154340229,0.94,1,100350.07,100384,541
UKPARL.2025.RAW,E07000066,13838101.98,68096988.46,0.2,0.32,30954,98251.23,127
UKPARL.2025.RAW,E07000075,53470730.96,68096988.46,0.79,0.68,67297.23,98251.23,460
UKPARL.2025.RCD,E08000005,79717911.59,79717953.27,1,1,101923.68,101923.68,818
UKPARL.2025.RCF,E07000176,289712711.3,289712760.8,1,1,99956.36,99956.36,896
UKPARL.2025.RDC,E07000236,54250883.65,188082333.2,0.29,0.88,85261,96669,173
UKPARL.2025.RDC,E07000238,133831394.4,188082333.2,0.71,0.12,11408,96669,424
UKPARL.2025.RDG,E06000038,25767721.82,25767804.68,1,1,108265,108265,750
UKPARL.2025.RDW,E06000037,307405735.3,313705158.8,0.98,0.68,62215.36,91031.36,603
UKPARL.2025.RDW,E06000038,6298021.44,313705158.8,0.02,0.32,28816,91031.36,6
UKPARL.2025.RED,E06000003,75700377.58,79508483.04,0.95,1,93912,93912,564
UKPARL.2025.REI,E07000211,87568413.93,87568456.69,1,1,108465.04,108465.04,824
UKPARL.2025.RGN,S12000029,41341899.06,41457090.69,1,1,90522.08,90522.08,681
UKPARL.2025.RHM,E08000018,58384143.3,58384150.85,1,1,108881.85,108881.85,908
UKPARL.2025.RHV,E08000018,159469294.8,159469342.5,1,1,90856.43,90856.43,861
UKPARL.2025.RIV,E07000123,101911347.9,648850783.9,0.16,0.3,28202.96,94502.67,92
UKPARL.2025.RIV,E07000124,508010410.7,648850783.9,0.78,0.35,33287.71,94502.67,458
UKPARL.2025.RIV,E07000126,38840470.59,648850783.9,0.06,0.35,33012,94502.67,35
UKPARL.2025.RMF,E09000016,29743900.31,29746522.05,1,1,108518.42,108518.42,727
UKPARL.2025.RNP,E09000015,10153532.97,40449812.04,0.25,0.37,36392.08,97102.24,159
UKPARL.2025.RNP,E09000017,30296245.99,40449812.04,0.75,0.63,60710.16,97102.24,440
UKPARL.2025.RPK,E09000021,7241219.76,35976278.28,0.2,0.33,38570,118352,124
UKPARL.2025.RPK,E09000027,28237513.68,35976278.28,0.78,0.67,79782,118352,459
UKPARL.2025.RSO,E06000045,7507191.91,535793033.9,0.01,0.31,30111,98593.68,2
UKPARL.2025.RSO,E07000093,528239650.2,535793033.9,0.99,0.69,68482.67,98593.68,619
UKPARL.2025.RUG,E07000219,13708856.17,244627939,0.06,0.06,6096,104295.33,31
UKPARL.2025.RUG,E07000220,230919044.2,244627939,0.94,0.94,98199.33,104295.33,550
UKPARL.2025.RUN,E07000207,48705412.26,102169372.5,0.48,0.35,36747.21,106400.49,296
UKPARL.2025.RUN,E07000212,53463926.61,102169372.5,0.52,0.65,69653.28,106400.49,315
UKPARL.2025.RUT,E06000017,393748885,960057281.8,0.41,0.43,39927,92074.09,251
UKPARL.2025.RUT,E07000131,229136870.8,960057281.8,0.24,0.15,13651.08,92074.09,151
UKPARL.2025.RUT,E07000141,337171375.4,960057281.8,0.35,0.42,38496,92074.09,221
UKPARL.2025.SAB,E09000025,7421686.67,11289687.59,0.66,0.65,86291,133518.31,396
UKPARL.2025.SAB,E09000030,3814752.36,11289687.59,0.34,0.35,47227.31,133518.31,210
UKPARL.2025.SAC,E09000029,18269174.95,18269203.5,1,1,102864.55,102864.55,768
UKPARL.2025.SAH,E08000008,63229303.7,63229345.16,1,1,95080.11,95080.11,798
UKPARL.2025.SAL,E06000054,692911262.6,692911337.1,1,1,90710.41,90710.41,915
UKPARL.2025.SAN,N09000001,550470013.2,645426900.6,0.85,0.93,96433.37,104049.51,494
UKPARL.2025.SAN,N09000007,92799515.36,645426900.6,0.14,0.07,7616.14,104049.51,85
UKPARL.2025.SAR,E06000065,2032808357,2032808416,1,1,97589.19,97589.19,927
UKPARL.2025.SAS,E07000113,164980101.6,184553482.1,0.89,1,111023.17,111023.17,513
UKPARL.2025.SAU,E08000009,46806063.92,46806085.76,1,1,101986.34,101986.34,830
UKPARL.2025.SAW,E06000065,738228707.9,743712816.5,0.99,1,97133.46,97157,653
UKPARL.2025.SBH,E08000019,28343157.82,28343159.97,1,1,113571.17,113571.17,917
UKPARL.2025.SBR,E08000027,29284733.27,29284737.89,1,1,95632.28,95632.28,900
UKPARL.2025.SBT,E06000034,99007721,122486095.8,0.81,0.53,52847,99384.05,472
UKPARL.2025.SBT,E07000066,21302331.71,122486095.8,0.17,0.47,46537.05,99384.05,103
UKPARL.2025.SBY,E06000065,462732741.1,507451869.2,0.91,0.79,77131.99,98208.58,524
UKPARL.2025.SBY,E08000035,42012767.33,507451869.2,0.08,0.21,21076.6,98208.58,51
UKPARL.2025.SCB,E07000008,8350560.7,588949514.2,0.01,0.17,17138.25,98935.11,3
UKPARL.2025.SCB,E07000012,580598873.5,588949514.2,0.99,0.83,81796.86,98935.11,618
UKPARL.2025.SCE,E08000019,12671597.34,12671597.34,1,1,110779.5,110779.5,938
UKPARL.2025.SCN,E09000008,7906929.2,13772299.35,0.57,0.47,58461.06,123485.06,358
UKPARL.2025.SCN,E09000022,5862472.45,13772299.35,0.43,0.53,65024,123485.06,259
UKPARL.2025.SCT,E06000054,462024789.2,838351528.4,0.55,0.45,41332.48,92631.74,341
UKPARL.2025.SCT,E07000079,348424100.7,838351528.4,0.42,0.53,49114.46,92631.74,255
UKPARL.2025.SCT,E07000082,27902539.72,838351528.4,0.03,0.02,2184.8,92631.74,11
UKPARL.2025.SCU,E06000013,281254216.3,288746265.6,0.97,1,107693,107693,589
UKPARL.2025.SDE,E07000039,290920019.5,290920118.1,1,1,93935.75,93935.75,851
UKPARL.2025.SDS,E06000059,350977744.6,364140016.6,0.96,1,98831.12,98831.12,576
UKPARL.2025.SDV,E06000027,26628530.58,646844837.3,0.04,0.39,34671.25,89881.25,16
UKPARL.2025.SDV,E07000044,607881740.3,646844837.3,0.94,0.61,55210,89881.25,544
UKPARL.2025.SDW,N09000002,199047990.4,1121976308,0.18,0.12,12653.57,103056.8,105
UKPARL.2025.SDW,N09000010,919520301.9,1121976308,0.82,0.88,90403.23,103056.8,480
UKPARL.2025.SEC,E06000052,708686723.1,724450419.9,0.98,1,89832.66,89867.43,597
UKPARL.2025.SEF,E08000014,87619300.11,88268849.39,0.99,1,89287.44,89287.44,654
UKPARL.2025.SER,E06000033,18558694.11,144594801.8,0.13,0.8,78811,98881.77,76
UKPARL.2025.SER,E07000075,113615486,144594801.8,0.79,0.2,20070.77,98881.77,461
UKPARL.2025.SEV,E07000107,10912933.44,253891533.2,0.04,0.08,7682.37,99602.37,17
UKPARL.2025.SEV,E07000111,242978550.2,253891533.2,0.96,0.92,91920,99602.37,569
UKPARL.2025.SFC,E07000244,669415810.3,693520688.5,0.97,1,93674.09,93674.09,577
UKPARL.2025.SFD,E08000006,27734719.39,27734771.83,1,1,113016.13,113016.13,761
UKPARL.2025.SGF,N09000010,306212826.3,678367663.8,0.45,0.28,27792.12,97661.12,278
UKPARL.2025.SGF,N09000011,369575047.7,678367663.8,0.54,0.71,69453.4,97661.12,333
UKPARL.2025.SGW,E07000196,231872673.9,415009195.8,0.56,0.64,59449,93532.44,347
UKPARL.2025.SGW,E07000197,183136442.7,415009195.8,0.44,0.36,34083.44,93532.44,269
UKPARL.2025.SHA,E08000019,136429909.9,136429958.4,1,1,94518.81,94518.81,848
UKPARL.2025.SHD,E07000140,745909370.5,777525690,0.96,0.87,95019,109122,571
UKPARL.2025.SHD,E07000141,28768779.25,777525690,0.04,0.13,14103,109122,15
UKPARL.2025.SHE,E08000019,27940463.25,27940477.04,1,1,104270.14,104270.14,823
UKPARL.2025.SHN,E08000013,83805817.84,83805871.11,1,1,98963.6,98963.6,801
UKPARL.2025.SHR,E06000051,333879228.9,333879244,1,1,99561.88,99561.88,926
UKPARL.2025.SHS,E08000011,2370481.76,54923403.63,0.04,0.12,11177.22,92798.62,18
UKPARL.2025.SHS,E08000013,52552913.74,54923403.63,0.96,0.88,81621.4,92798.62,568
UKPARL.2025.SHY,E08000032,94896998.38,94897014.13,1,1,95910.53,95910.53,898
UKPARL.2025.SKN,E06000004,87169802.99,91354209.61,0.95,1,98737.84,98737.84,565
UKPARL.2025.SKW,E06000004,110030474.4,194200262.3,0.57,0.89,79702.36,89922.66,354
UKPARL.2025.SKW,E06000005,84169732.19,194200262.3,0.43,0.11,10220.3,89922.66,262
UKPARL.2025.SLE,E07000129,110766078.8,331693798.4,0.33,0.62,61258,98681.2,208
UKPARL.2025.SLE,E07000131,220927626.9,331693798.4,0.67,0.38,37423.2,98681.2,399
UKPARL.2025.SLO,E06000039,24625811.08,24625850.49,1,1,127707.17,127707.17,767
UKPARL.2025.SLR,E07000139,718880258.9,718880301.2,1,1,95137.75,95137.75,921
UKPARL.2025.SMK,E08000028,21790921.07,21790965.28,1,1,110189.3,110189.3,759
UKPARL.2025.SNC,E07000011,104269116.5,349920014.9,0.3,0.43,44617.85,104092,182
UKPARL.2025.SNC,E07000012,245588722.7,349920014.9,0.7,0.57,59474.14,104092,420
UKPARL.2025.SNF,E07000149,521999528.2,523225837.5,1,1,90627.9,90627.9,686
UKPARL.2025.SNH,E06000061,40392265.88,633228309.2,0.06,0.06,6187,98744.54,37
UKPARL.2025.SNH,E06000062,592835953.1,633228309.2,0.94,0.94,92557.54,98744.54,540
UKPARL.2025.SNN,E06000030,102336911.3,102336948.5,1,1,98496.13,98496.13,846
UKPARL.2025.SNQ,E06000052,294533503.4,297802214.8,0.99,1,99640.76,99640.76,633
UKPARL.2025.SNS,E06000030,32662908.94,32662918.96,1,1,110312.24,110312.24,859
UKPARL.2025.SOA,E07000221,628960047,628960195.9,1,1,93696.1,93696.1,878
UKPARL.2025.SOI,E06000045,20343490,21415763.81,0.95,1,110244,110244,559
UKPARL.2025.SOP,E07000127,84279942.15,123215829.1,0.68,0.17,16261,96203,414
UKPARL.2025.SOP,E08000014,36273013.33,123215829.1,0.29,0.83,79942,96203,179
UKPARL.2025.SOT,E06000045,22005839.99,22403706.63,0.98,1,112165,112165,611
UKPARL.2025.SPL,E07000213,51161317.87,51161362.61,1,1,99844,99844,785
UKPARL.2025.SPT,E08000007,25282310.76,25282342.99,1,1,105693.38,105693.38,771
UKPARL.2025.SPV,E08000034,62098876.43,62098885.84,1,1,96987.3,96987.3,903
UKPARL.2025.SRH,E07000209,35390333.65,130483289.6,0.27,0.07,7232,96537,168
UKPARL.2025.SRH,E07000214,95092918.51,130483289.6,0.73,0.93,89305,96537,430
UKPARL.2025.SRI,E07000118,66053530.16,141013464.7,0.47,0.18,17110.86,94886.86,290
UKPARL.2025.SRI,E07000126,74250683.93,141013464.7,0.53,0.82,77776,94886.86,320
UKPARL.2025.SSE,E08000019,47047072.66,47047106.69,1,1,107781.32,107781.32,793
UKPARL.2025.SSF,E07000200,595111655.4,602201115.6,0.99,1,92036,92036,626
UKPARL.2025.SSH,E08000023,35462836.52,36263577.38,0.98,1,92838.2,92838.2,593
UKPARL.2025.SSO,E06000051,1822686358,1822686681,1,1,96180.12,96180.12,895
UKPARL.2025.STA,E07000240,59694080.4,59694169.26,1,1,99748.11,99748.11,770
UKPARL.2025.STC,E06000021,36767777.19,36767786.5,1,1,110892.79,110892.79,870
UKPARL.2025.STF,E07000195,90780347.73,416318816.6,0.22,0.07,6984,94720.56,136
UKPARL.2025.STF,E07000197,325538368,416318816.6,0.78,0.93,87736.56,94720.56,456
UKPARL.2025.STG,S12000030,2250110595,2489638589,0.9,0.92,94210,102752.39,519
UKPARL.2025.STG,S12000048,237274553.1,2489638589,0.1,0.08,8542.39,102752.39,60
UKPARL.2025.STM,E07000198,532737176.4,532737279.9,1,1,87464,87464,887
UKPARL.2025.STN,E06000021,30465306.46,47899753.14,0.64,0.77,77533.65,101187.65,387
UKPARL.2025.STN,E07000195,17434431.13,47899753.14,0.36,0.23,23654,101187.65,226
UKPARL.2025.STR,E07000082,267625847.6,272931419.1,0.98,1,95975.02,95975.02,607
UKPARL.2025.STS,E06000021,26215384.81,158825289.3,0.17,0.72,67948.56,94379.56,96
UKPARL.2025.STS,E07000197,89497334.59,158825289.3,0.56,0.16,15460,94379.56,351
UKPARL.2025.STS,E07000198,43112536.52,158825289.3,0.27,0.12,10971,94379.56,169
UKPARL.2025.STV,E06000052,561631511.1,591463387.5,0.95,0.98,88449.98,90673.98,558
UKPARL.2025.STV,E06000053,16314259.82,591463387.5,0.03,0.02,2224,90673.98,10
UKPARL.2025.SUN,E08000024,29016703.12,30273469.67,0.96,1,102021.14,102021.14,570
UKPARL.2025.SUT,E08000025,57651041.06,57651056.67,1,1,93862.17,93862.17,864
UKPARL.2025.SVG,E07000099,24877623.66,63422538.2,0.39,0.08,8081,98303,238
UKPARL.2025.SVG,E07000242,12575657.21,63422538.2,0.2,0.02,2377,98303,120
UKPARL.2025.SVG,E07000243,25969232.58,63422538.2,0.41,0.89,87845,98303,250
UKPARL.2025.SWD,E06000026,26087231.81,398483161.7,0.07,0.58,54961,93961.71,38
UKPARL.2025.SWD,E07000044,278643692,398483161.7,0.7,0.34,31794,93961.71,417
UKPARL.2025.SWD,E07000047,89159632.91,398483161.7,0.22,0.08,7206.71,93961.71,140
UKPARL.2025.SWF,E07000170,16154363.49,309875421.1,0.05,0.35,35664,101290.14,27
UKPARL.2025.SWF,E07000173,56017778.86,309875421.1,0.18,0.16,16227.72,101290.14,108
UKPARL.2025.SWF,E07000175,237703264.4,309875421.1,0.77,0.49,49398.43,101290.14,448
UKPARL.2025.SWG,E09000010,19638997.21,24741192.21,0.79,0.58,76683.14,131419.34,464
UKPARL.2025.SWG,E09000014,5102193.9,24741192.21,0.21,0.42,54736.2,131419.34,129
UKPARL.2025.SWH,E07000096,8325035.03,97149202.37,0.09,0.05,5257,98580,52
UKPARL.2025.SWH,E07000102,88824095.27,97149202.37,0.91,0.95,93323,98580,529
UKPARL.2025.SWL,E06000033,23102669.16,24078376.52,0.96,1,104314,104314,572
UKPARL.2025.SWN,E07000143,544259720.2,1160870781,0.47,0.52,52928.2,102242.12,291
UKPARL.2025.SWN,E07000146,614860240.1,1160870781,0.53,0.48,49313.92,102242.12,324
UKPARL.2025.SWS,E08000029,39195008.39,39195130.9,1,1,92894.25,92894.25,751
UKPARL.2025.SWT,W06000011,32082931.07,32446947.67,0.99,1,109534.07,109534.07,631
UKPARL.2025.SWW,E06000054,451590937.6,451590947.9,1,1,95162.91,95162.91,930
UKPARL.2025.SXW,E07000065,481406088.8,481406223.7,1,1,90815.92,90815.92,863
UKPARL.2025.TAM,E06000065,1984542559,1986018658,1,1,97934.79,97934.79,702
UKPARL.2025.TAT,E06000007,16855488.62,361810129.4,0.05,0.13,12709,95636.7,22
UKPARL.2025.TAT,E06000049,223195636.9,361810129.4,0.62,0.68,65052,95636.7,379
UKPARL.2025.TAT,E06000050,121758249.9,361810129.4,0.34,0.19,17875.7,95636.7,209
UKPARL.2025.TAV,E07000046,985230611.3,1639901805,0.6,0.72,68267,95093.36,373
UKPARL.2025.TAV,E07000047,645361515.6,1639901805,0.39,0.28,26826.36,95093.36,241
UKPARL.2025.TAW,E06000066,287614080.6,287774146.7,1,1,105616.22,105616.22,704
UKPARL.2025.TAY,E06000025,417644878.9,420479745.4,0.99,1,95125.72,95125.72,658
UKPARL.2025.TEW,E07000078,11303969.94,321819806.6,0.04,0.18,17413,96035.97,12
UKPARL.2025.TEW,E07000081,4718109.53,321819806.6,0.01,0.17,15985.45,96035.97,5
UKPARL.2025.TEW,E07000083,305797652.2,321819806.6,0.95,0.65,62637.52,96035.97,560
UKPARL.2025.TFD,E06000020,51505395.97,51505433.5,1,1,101179.13,101179.13,792
UKPARL.2025.THK,E06000034,64372006.16,65155369.29,0.99,1,121494,121494,625
UKPARL.2025.TIP,E08000027,3218979.29,27452477.84,0.12,0.12,12590.1,108602.71,69
UKPARL.2025.TIP,E08000028,24233482.32,27452477.84,0.88,0.88,96012.61,108602.71,509
UKPARL.2025.TIV,E06000066,901400333.7,1285938055,0.7,0.54,49498.78,91251.78,419
UKPARL.2025.TIV,E07000042,378005999.8,1285938055,0.29,0.46,41753,91251.78,177
UKPARL.2025.TMW,E07000194,160847055.6,191697816.8,0.84,0.21,20793.48,97489.48,491
UKPARL.2025.TMW,E07000199,30850723.43,191697816.8,0.16,0.79,76696,97489.48,94
UKPARL.2025.TNW,E07000116,248069198.7,248069434.9,1,1,108565,108565,780
UKPARL.2025.TON,E07000111,127368326.7,302937219.2,0.42,0.29,28830,98093.27,258
UKPARL.2025.TON,E07000115,175568808.9,302937219.2,0.58,0.71,69263.27,98093.27,360
UKPARL.2025.TOO,E09000032,11229054.38,11236372.89,1,1,109540,109540,703
UKPARL.2025.TOR,W06000020,126239860.9,126239928.9,1,1,93961,93961,813
UKPARL.2025.TOT,E09000012,1362704.59,11930186.04,0.11,0.15,20836.08,138358.47,68
UKPARL.2025.TOT,E09000014,10566755.09,11930186.04,0.89,0.85,117522.38,138358.47,510
UKPARL.2025.TRB,E06000027,36254186.67,39139878.99,0.93,1,101592.75,101592.75,536
UKPARL.2025.TRF,E06000052,433044190.5,443647729.1,0.98,1,92745.51,92745.51,591
UKPARL.2025.TWI,E09000027,27455910.02,27621602.06,0.99,1,107700.57,107700.57,662
UKPARL.2025.TYN,E08000022,32968010.78,33706013.26,0.98,1,96328.13,96328.13,596
UKPARL.2025.UBN,N09000002,346791152.7,346905179.4,1,1,119947.2,119947.2,713
UKPARL.2025.UXB,E09000017,40375846.98,40375855.25,1,1,117186.05,117186.05,884
UKPARL.2025.VCG,E09000022,5540800.3,7267500.77,0.76,0.73,77533,106839.79,445
UKPARL.2025.VCG,E09000028,1708197.94,7267500.77,0.24,0.27,29306.79,106839.79,148
UKPARL.2025.VOG,W06000014,295543088.8,298824748.4,0.99,1,95517,95517,632
UKPARL.2025.WAB,E08000030,32050757.16,32050765.43,1,1,119744.54,119744.54,868
UKPARL.2025.WAE,E06000065,785884899.4,941843657.3,0.83,0.57,51353.65,90556.29,488
UKPARL.2025.WAE,E08000035,155765156.1,941843657.3,0.17,0.43,39202.64,90556.29,97
UKPARL.2025.WAH,E06000006,33634536.81,64551404.24,0.52,0.69,65072,93899.42,313
UKPARL.2025.WAH,E08000011,29344228.94,64551404.24,0.45,0.31,28827.42,93899.42,281
UKPARL.2025.WAK,S12000034,3267088523,3270354773,1,1,96807.29,96807.29,699
UKPARL.2025.WAL,E06000064,2410723092,2418048092,1,1,91447.25,91447.25,678
UKPARL.2025.WAN,E06000007,91261887.06,91284054.52,1,1,96715.8,96715.8,718
UKPARL.2025.WAS,E06000007,72510064.41,74053543.44,0.98,1,100589.2,100589.2,600
UKPARL.2025.WAT,E07000098,2977398.02,24407732.68,0.12,0.07,7530.51,104107.51,71
UKPARL.2025.WAT,E07000103,21430327.03,24407732.68,0.88,0.93,96577,104107.51,506
UKPARL.2025.WAV,E07000149,305335216,988920156.5,0.31,0.41,36841.67,89600.97,188
UKPARL.2025.WAV,E07000203,488559436.9,988920156.5,0.49,0.4,35689.15,89600.97,305
UKPARL.2025.WAV,E07000244,194843299.3,988920156.5,0.2,0.19,17070.15,89600.97,117
UKPARL.2025.WAW,E06000063,533629975.5,539769737.1,0.99,1,94436.29,94436.29,630
UKPARL.2025.WBR,E06000061,91594918.45,91594929.48,1,1,111378.15,111378.15,911
UKPARL.2025.WBW,E08000028,35367519.95,35367540.39,1,1,107546.5,107546.5,809
UKPARL.2025.WDB,S12000039,172821142.3,174661545.3,0.99,0.97,88930,91884.9,635
UKPARL.2025.WDS,E06000059,1006595936,1010760728,1,1,92839.31,92839.31,671
UKPARL.2025.WEL,E06000024,116583923.1,671888865.4,0.17,0.28,25087.56,88815.05,102
UKPARL.2025.WEL,E06000066,554990512.4,671888865.4,0.83,0.72,63727.49,88815.05,483
UKPARL.2025.WGN,E08000010,60509003.85,60509028.36,1,1,105871.3,105871.3,839
UKPARL.2025.WGS,E08000024,39476926.45,69718726.33,0.57,0.8,76743.57,95380.7,353
UKPARL.2025.WGS,E08000037,29941036.39,69718726.33,0.43,0.2,18637.13,95380.7,261
UKPARL.2025.WHB,E09000025,18765458.25,19378963.98,0.97,1,135209,135209,580
UKPARL.2025.WHT,E07000241,107934295,107934371.9,1,1,117347.67,117347.67,794
UKPARL.2025.WHW,E09000031,16173143.33,16180945.13,1,1,119321,119321,706
UKPARL.2025.WIM,E09000021,3969556.37,22912199.58,0.17,0.17,19160,109531.32,101
UKPARL.2025.WIM,E09000024,18942472.59,22912199.58,0.83,0.83,90371.32,109531.32,484
UKPARL.2025.WIN,E07000094,572819902.8,572871690.1,1,1,103000.43,103000.43,726
UKPARL.2025.WIR,E08000015,84476698.46,87487567.06,0.97,1,88886.62,88886.62,578
UKPARL.2025.WIT,E07000180,216030661,557740652.3,0.39,0.26,24465.66,95240.66,234
UKPARL.2025.WIT,E07000181,341709969.4,557740652.3,0.61,0.74,70775,95240.66,377
UKPARL.2025.WKF,E08000035,20089902.64,60665484.77,0.33,0.2,20430.88,103917.81,207
UKPARL.2025.WKF,E08000036,40575582.13,60665484.77,0.67,0.8,83486.93,103917.81,400
UKPARL.2025.WKL,E07000222,89395052.05,89395089.79,1,1,101289.4,101289.4,836
UKPARL.2025.WKM,E06000041,138340263.2,138344019,1,1,93620,93620,735
UKPARL.2025.WKT,E07000105,479823949.7,763089982.8,0.63,0.48,43876.69,91619.68,382
UKPARL.2025.WKT,E07000110,200006531.7,763089982.8,0.26,0.41,37583.98,91619.68,163
UKPARL.2025.WKT,E07000116,83259442.32,763089982.8,0.11,0.11,10159,91619.68,67
UKPARL.2025.WLA,E07000127,262351184.9,262355902.6,1,1,98045,98045,739
UKPARL.2025.WLL,E08000015,25474347.69,25637609.95,0.99,1,98056.39,98056.39,659
UKPARL.2025.WND,E06000039,7916165.22,110960231.6,0.07,0.19,21831.83,112627.55,41
UKPARL.2025.WND,E06000040,78467297.66,110960231.6,0.71,0.63,71025,112627.55,423
UKPARL.2025.WND,E07000212,24576746.45,110960231.6,0.22,0.18,19770.72,112627.55,138
UKPARL.2025.WNE,E08000030,6079339.49,27049945.53,0.22,0.23,23873.79,101701.95,141
UKPARL.2025.WNE,E08000031,20970580.12,27049945.53,0.78,0.77,77828.16,101701.95,453
UKPARL.2025.WOK,E07000217,63603581.06,63603603.92,1,1,100793,100793,847
UKPARL.2025.WOR,E07000237,33278088.09,33278124.99,1,1,101222,101222,775
UKPARL.2025.WRE,W06000006,293011214.8,293011311.3,1,1,99424,99424,854
UKPARL.2025.WRH,E07000224,55409802.35,74588970.71,0.74,0.23,22683.4,97496.4,437
UKPARL.2025.WRH,E07000229,19136748.36,74588970.71,0.26,0.77,74813,97496.4,160
UKPARL.2025.WRK,E06000020,238808086.6,506896738.2,0.47,0.75,78674.87,104364.87,292
UKPARL.2025.WRK,E06000051,268088596.8,506896738.2,0.53,0.25,25690,104364.87,322
UKPARL.2025.WSE,E08000030,12613665.86,30732965.79,0.41,0.41,48304.21,117627.68,252
UKPARL.2025.WSE,E08000031,18119292.93,30732965.79,0.59,0.59,69323.47,117627.68,366
UKPARL.2025.WSF,E07000245,761886645.6,761886832.7,1,1,117071,117071,877
UKPARL.2025.WSL,E08000006,53868946.5,71488075.58,0.75,0.88,92683.42,105699.32,442
UKPARL.2025.WSL,E08000010,17619117.15,71488075.58,0.25,0.12,13015.9,105699.32,155
UKPARL.2025.WSM,E06000024,61373871.06,64849597.43,0.95,1,95957.66,95957.66,554
UKPARL.2025.WTM,E07000067,195786086.6,428996814.9,0.46,0.57,56716.3,99119.3,282
UKPARL.2025.WTM,E07000071,99770313.79,428996814.9,0.23,0.29,28477,99119.3,146
UKPARL.2025.WTM,E07000074,128261783.2,428996814.9,0.3,0.14,13926,99119.3,183
UKPARL.2025.WTY,N09000005,909263959.8,2119396310,0.43,0.43,42801.85,100134.85,260
UKPARL.2025.WTY,N09000006,1131242608,2119396310,0.53,0.53,53121,100134.85,326
UKPARL.2025.WTY,N09000009,78092696.06,2119396310,0.04,0.04,4212,100134.85,14
UKPARL.2025.WWE,E08000031,30346770.52,30346800.14,1,1,116205.37,116205.37,779
UKPARL.2025.WWR,E07000235,577070795.6,705288896.4,0.82,0.81,78698,97030,478
UKPARL.2025.WWR,E07000238,128217906.3,705288896.4,0.18,0.19,18332,97030,110
UKPARL.2025.WYC,E06000060,141016086.8,141047066.1,1,1,102805.45,102805.45,719
UKPARL.2025.WYF,E07000239,195403622.3,195403719.5,1,1,101291,101291,822
UKPARL.2025.WYT,E08000003,28236629.91,36544677.03,0.77,0.69,74903,108377,451
UKPARL.2025.WYT,E08000009,8308032,36544677.03,0.23,0.31,33474,108377,144
UKPARL.2025.YEO,E06000066,335540040.9,335552332.7,1,1,102654.52,102654.52,734
UKPARL.2025.YNM,W06000001,715122816.2,742038306.6,0.96,1,70043,70043,574
UKPARL.2025.YOC,E06000014,25178771.34,25178771.34,1,1,116074.14,116074.14,939
UKPARL.2025.YOO,E06000014,246734896.8,246835722.1,1,1,94543.86,94543.86,711